Person,Image,Label,Score
10,Person10_1,partyFavor,1.0
10,Person10_1,sign,1.0
10,Person10_1,lavenderDie,1.0
10,Person10_1,miniCards,1.0
10,Person10_1,plaidPencil,1.0
10,Person10_1,voiceRecorder,1.0
10,Person10_2,cactusPaper,1.0
10,Person10_3,cactusPaper,1.0
10,Person10_4,plaidPencil,1.0
10,Person10_5,plaidPencil,1.0
10,Person10_6,cactusPaper,1.0
10,Person10_7,lavenderDie,1.0
10,Person10_7,miniCards,1.0
10,Person10_8,lavenderDie,1.0
10,Person10_9,lavenderDie,1.0
10,Person10_10,lavenderDie,1.0
10,Person10_11,lavenderDie,1.0
10,Person10_12,cactusPaper,1.0
10,Person10_13,cactusPaper,1.0
10,Person10_14,plaidPencil,1.0
10,Person10_15,plaidPencil,1.0
10,Person10_16,plaidPencil,1.0
10,Person10_17,lavenderDie,1.0
10,Person10_18,partyFavor,1.0
10,Person10_18,miniCards,1.0
10,Person10_18,lavenderDie,1.0
10,Person10_18,plaidPencil,1.0
10,Person10_18,voiceRecorder,1.0
10,Person10_19,sign,1.0
10,Person10_19,lavenderDie,1.0
10,Person10_19,voiceRecorder,1.0
10,Person10_19,plaidPencil,1.0
10,Person10_19,partyFavor,1.0
10,Person10_19,miniCards,1.0
10,Person10_20,miniCards,1.0
10,Person10_20,partyFavor,1.0
10,Person10_21,plaidPencil,1.0
10,Person10_22,cactusPaper,1.0
10,Person10_23,miniCards,1.0
10,Person10_24,miniCards,1.0
10,Person10_25,plaidPencil,1.0
11,Person11_1,foamDart,1.0
11,Person11_2,foamDart,1.0
11,Person11_3,rainbowPens,1.0
11,Person11_4,rainbowPens,1.0
11,Person11_5,eyeball,1.0
11,Person11_6,eyeball,1.0
11,Person11_7,eyeball,1.0
11,Person11_7,foamDart,1.0
11,Person11_8,foamDart,1.0
11,Person11_9,foamDart,1.0
11,Person11_10,cactusPaper,1.0
11,Person11_11,cactusPaper,1.0
11,Person11_12,cactusPaper,1.0
11,Person11_13,giftBag,1.0
11,Person11_14,foamDart,1.0
11,Person11_15,cupcakePaper,1.0
11,Person11_16,rainbowPens,1.0
11,Person11_17,noisemaker,1.0
11,Person11_18,noisemaker,1.0
11,Person11_19,eyeball,1.0
11,Person11_20,giftBag,1.0
11,Person11_21,rainbowPens,1.0
11,Person11_22,cupcakePaper,1.0
11,Person11_23,rainbowPens,1.0
11,Person11_24,foamDart,1.0
11,Person11_25,cupcakePaper,1.0
11,Person11_26,rainbowPens,1.0
11,Person11_27,rainbowPens,1.0
11,Person11_28,hairClip,1.0
11,Person11_29,cactusPaper,1.0
11,Person11_30,giftBag,1.0
12,Person12_1,yellowBag,1.0
12,Person12_1,cactusPaper,1.0
12,Person12_2,yellowBag,1.0
12,Person12_2,cactusPaper,1.0
12,Person12_3,cactusPaper,1.0
12,Person12_4,pumpkinNotes,1.0
12,Person12_5,pumpkinNotes,1.0
12,Person12_5,hairClip,1.0
12,Person12_5,legoBracelet,1.0
12,Person12_5,cactusPaper,1.0
12,Person12_5,noisemaker,1.0
12,Person12_5,yellowBag,1.0
12,Person12_6,hairClip,1.0
12,Person12_7,hairClip,1.0
12,Person12_7,cactusPaper,1.0
12,Person12_7,noisemaker,1.0
12,Person12_8,hairClip,1.0
12,Person12_8,noisemaker,1.0
12,Person12_8,legoBracelet,1.0
12,Person12_8,cactusPaper,1.0
12,Person12_8,pumpkinNotes,1.0
12,Person12_9,noisemaker,1.0
12,Person12_10,noisemaker,1.0
12,Person12_11,noisemaker,1.0
12,Person12_11,legoBracelet,1.0
12,Person12_12,legoBracelet,1.0
12,Person12_12,hairClip,1.0
12,Person12_12,yellowBag,1.0
12,Person12_13,legoBracelet,1.0
12,Person12_13,hairClip,1.0
12,Person12_13,yellowBag,1.0
12,Person12_14,none,1.0
12,Person12_15,pumpkinNotes,1.0
13,Person13_1,birdCall,1.0
13,Person13_1,partyFavor,1.0
13,Person13_1,legoBracelet,1.0
13,Person13_1,blueSunglasses,1.0
13,Person13_1,miniCards,1.0
13,Person13_1,cupcakePaper,1.0
13,Person13_1,paperPlate,1.0
13,Person13_2,birdCall,1.0
13,Person13_2,partyFavor,1.0
13,Person13_2,legoBracelet,1.0
13,Person13_2,blueSunglasses,1.0
13,Person13_2,miniCards,1.0
13,Person13_2,cupcakePaper,1.0
13,Person13_3,birdCall,1.0
13,Person13_3,partyFavor,1.0
13,Person13_3,legoBracelet,1.0
13,Person13_3,blueSunglasses,1.0
13,Person13_3,miniCards,1.0
13,Person13_3,cupcakePaper,1.0
13,Person13_4,miniCards,1.0
13,Person13_5,partyFavor,1.0
13,Person13_5,cupcakePaper,1.0
13,Person13_6,blueSunglasses,1.0
13,Person13_7,birdCall,1.0
13,Person13_8,legoBracelet,1.0
13,Person13_8,cupcakePaper,1.0
13,Person13_9,paperPlate,1.0
13,Person13_10,blueSunglasses,1.0
13,Person13_11,birdCall,1.0
13,Person13_12,birdCall,1.0
13,Person13_12,miniCards,1.0
13,Person13_13,partyFavor,1.0
13,Person13_13,cupcakePaper,1.0
13,Person13_14,blueSunglasses,1.0
13,Person13_14,paperPlate,1.0
13,Person13_14,legoBracelet,1.0
13,Person13_15,legoBracelet,1.0
13,Person13_16,partyFavor,1.0
13,Person13_16,paperPlate,1.0
13,Person13_17,blueSunglasses,1.0
13,Person13_17,legoBracelet,1.0
13,Person13_18,cupcakePaper,1.0
13,Person13_19,partyFavor,1.0
13,Person13_19,paperPlate,1.0
13,Person13_20,blueSunglasses,1.0
13,Person13_20,paperPlate,1.0
13,Person13_20,partyFavor,1.0
13,Person13_20,legoBracelet,1.0
13,Person13_21,blueSunglasses,1.0
13,Person13_21,paperPlate,1.0
13,Person13_21,partyFavor,1.0
13,Person13_21,legoBracelet,1.0
13,Person13_21,miniCards,1.0
13,Person13_21,birdCall,1.0
13,Person13_22,cupcakePaper,1.0
13,Person13_23,blueSunglasses,1.0
13,Person13_23,partyFavor,1.0
13,Person13_23,paperPlate,1.0
13,Person13_23,legoBracelet,1.0
13,Person13_23,miniCards,1.0
13,Person13_23,birdCall,1.0
13,Person13_24,birdCall,1.0
13,Person13_25,miniCards,1.0
13,Person13_26,partyFavor,1.0
13,Person13_27,partyFavor,1.0
13,Person13_27,blueSunglasses,1.0
13,Person13_28,legoBracelet,1.0
13,Person13_29,cupcakePaper,1.0
13,Person13_29,paperPlate,1.0
13,Person13_30,miniCards,1.0
13,Person13_31,miniCards,1.0
13,Person13_31,birdCall,1.0
13,Person13_31,paperPlate,1.0
13,Person13_32,birdCall,1.0
13,Person13_32,blueSunglasses,1.0
13,Person13_32,legoBracelet,1.0
13,Person13_32,cupcakePaper,1.0
13,Person13_32,miniCards,1.0
13,Person13_32,partyFavor,1.0
13,Person13_33,birdCall,1.0
13,Person13_33,blueSunglasses,1.0
13,Person13_33,legoBracelet,1.0
13,Person13_33,cupcakePaper,1.0
13,Person13_33,miniCards,1.0
13,Person13_33,partyFavor,1.0
13,Person13_34,partyFavor,1.0
13,Person13_35,miniCards,1.0
13,Person13_36,legoBracelet,1.0
13,Person13_37,blueSunglasses,1.0
14,Person14_1,cloudSign,1.0
14,Person14_2,cloudSign,1.0
14,Person14_3,gyroscope,1.0
14,Person14_4,gyroscope,1.0
14,Person14_5,gyroscope,1.0
14,Person14_6,miniCards,1.0
14,Person14_7,miniCards,1.0
14,Person14_8,canadaPencil,1.0
14,Person14_9,canadaPencil,1.0
14,Person14_9,pinkCandle,1.0
14,Person14_10,canadaPencil,1.0
14,Person14_10,pinkCandle,1.0
14,Person14_10,birdCall,1.0
14,Person14_11,pumpkinNotes,1.0
14,Person14_12,cloudSign,1.0
14,Person14_12,pumpkinNotes,1.0
14,Person14_13,pinkCandle,1.0
14,Person14_14,miniCards,1.0
14,Person14_14,birdCall,1.0
14,Person14_15,miniCards,1.0
14,Person14_15,birdCall,1.0
14,Person14_16,canadaPencil,1.0
14,Person14_16,birdCall,1.0
14,Person14_17,canadaPencil,1.0
14,Person14_17,cloudSign,1.0
14,Person14_18,gyroscope,1.0
14,Person14_19,birdCall,1.0
15,Person15_1,noisemaker,1.0
15,Person15_1,gClamp,1.0
15,Person15_1,canadaPencil,1.0
15,Person15_2,noisemaker,1.0
15,Person15_3,sign,1.0
15,Person15_4,sign,1.0
15,Person15_4,noisemaker,1.0
15,Person15_5,hairRoller,1.0
15,Person15_6,hairRoller,1.0
15,Person15_7,pinkEraser,1.0
15,Person15_8,pinkEraser,1.0
15,Person15_9,birdCall,1.0
15,Person15_10,birdCall,1.0
15,Person15_11,foamDart,1.0
15,Person15_11,noisemaker,1.0
15,Person15_11,gClamp,1.0
15,Person15_11,canadaPencil,1.0
15,Person15_12,foamDart,1.0
15,Person15_13,voiceRecorder,1.0
16,Person16_1,plaidPencil,1.0
16,Person16_2,plaidPencil,1.0
16,Person16_3,trophy,1.0
16,Person16_4,lavenderDie,1.0
16,Person16_5,birdCall,1.0
16,Person16_6,plaidPencil,1.0
16,Person16_7,cowbell,1.0
16,Person16_8,yellowBag,1.0
16,Person16_9,metalKey,1.0
16,Person16_10,none,1.0
17,Person17_1,rainbowPens,1.0
17,Person17_1,glassBead,1.0
17,Person17_2,rainbowPens,1.0
17,Person17_2,rubiksCube,1.0
17,Person17_3,rainbowPens,1.0
17,Person17_3,glassBead,1.0
17,Person17_3,stickerBox,1.0
17,Person17_3,redBow,1.0
17,Person17_4,redBow,1.0
17,Person17_5,redBow,1.0
17,Person17_5,stickerBox,1.0
17,Person17_6,stickerBox,1.0
17,Person17_7,rubiksCube,1.0
17,Person17_8,glassBead,1.0
17,Person17_9,rainbowPens,1.0
17,Person17_10,rubiksCube,1.0
17,Person17_11,rubiksCube,1.0
17,Person17_12,rubiksCube,1.0
17,Person17_13,redBow,1.0
17,Person17_14,redBow,1.0
17,Person17_15,stickerBox,1.0
17,Person17_16,rainbowPens,1.0
17,Person17_17,rubiksCube,1.0
17,Person17_18,glassBead,1.0
17,Person17_19,rainbowPens,1.0
17,Person17_20,rainbowPens,1.0
17,Person17_20,rubiksCube,1.0
17,Person17_20,redBow,1.0
17,Person17_20,glassBead,1.0
17,Person17_21,none,1.0
17,Person17_22,none,1.0
17,Person17_23,rainbowPens,1.0
17,Person17_24,rubiksCube,1.0
17,Person17_25,stickerBox,1.0
17,Person17_26,glassBead,1.0
17,Person17_27,glassBead,1.0
17,Person17_28,rainbowPens,1.0
17,Person17_29,rainbowPens,1.0
17,Person17_30,rainbowPens,1.0
17,Person17_30,glassBead,1.0
17,Person17_31,rubiksCube,1.0
17,Person17_32,stickerBox,1.0
17,Person17_33,rainbowPens,1.0
17,Person17_34,glassBead,1.0
17,Person17_35,rubiksCube,1.0
17,Person17_36,rainbowPens,1.0
17,Person17_37,rainbowPens,1.0
17,Person17_37,rubiksCube,1.0
17,Person17_38,glassBead,1.0
17,Person17_39,glassBead,1.0
17,Person17_40,glassBead,1.0
17,Person17_41,rainbowPens,1.0
17,Person17_42,rainbowPens,1.0
17,Person17_43,rainbowPens,1.0
17,Person17_44,rainbowPens,1.0
17,Person17_44,glassBead,1.0
17,Person17_45,rainbowPens,1.0
17,Person17_46,rainbowPens,1.0
17,Person17_47,rainbowPens,1.0
17,Person17_48,rubiksCube,1.0
17,Person17_49,rubiksCube,1.0
17,Person17_50,rubiksCube,1.0
17,Person17_51,rainbowPens,1.0
17,Person17_52,rainbowPens,1.0
17,Person17_52,rubiksCube,1.0
17,Person17_53,none,1.0
17,Person17_54,glassBead,1.0
17,Person17_55,stickerBox,1.0
17,Person17_56,rainbowPens,1.0
17,Person17_57,rainbowPens,1.0
17,Person17_58,rubiksCube,1.0
17,Person17_59,stickerBox,1.0
17,Person17_60,blueSunglasses,1.0
17,Person17_61,birdCall,1.0
17,Person17_62,blueSunglasses,1.0
17,Person17_63,blueSunglasses,1.0
17,Person17_64,blueSunglasses,1.0
18,Person18_1,birdCall,1.0
18,Person18_2,silverStraw,1.0
18,Person18_3,lavenderDie,1.0
18,Person18_4,lavenderDie,1.0
18,Person18_5,pinkEraser,1.0
18,Person18_6,redWhistle,1.0
18,Person18_7,giftBag,1.0
18,Person18_8,metalKey,1.0
18,Person18_9,giftBag,1.0
18,Person18_9,silverStraw,1.0
18,Person18_9,pinkEraser,1.0
18,Person18_9,redWhistle,1.0
18,Person18_9,birdCall,1.0
18,Person18_9,lavenderDie,1.0
18,Person18_9,metalKey,1.0
19,Person19_1,eyeball,1.0
19,Person19_2,eyeball,1.0
19,Person19_3,pinkEraser,1.0
19,Person19_3,gClamp,1.0
19,Person19_4,pinkEraser,1.0
19,Person19_4,gClamp,1.0
19,Person19_4,glassBead,1.0
19,Person19_5,pinkEraser,1.0
19,Person19_5,gClamp,1.0
19,Person19_5,glassBead,1.0
19,Person19_6,hairRoller,1.0
19,Person19_6,gClamp,1.0
19,Person19_7,hairRoller,1.0
19,Person19_7,gClamp,1.0
19,Person19_7,glassBead,1.0
19,Person19_7,pinkEraser,1.0
19,Person19_7,paperPlate,1.0
19,Person19_7,gyroscope,1.0
19,Person19_8,hairRoller,1.0
19,Person19_8,gClamp,1.0
19,Person19_8,glassBead,1.0
19,Person19_8,pinkEraser,1.0
19,Person19_8,paperPlate,1.0
19,Person19_8,gyroscope,1.0
1,Person1_1,noisemaker,1.0
1,Person1_2,rainbowPens,1.0
1,Person1_3,none,1.0
1,Person1_4,none,1.0
1,Person1_5,none,1.0
1,Person1_6,miniCards,1.0
1,Person1_7,yellowBalloon,1.0
1,Person1_8,trophy,1.0
1,Person1_9,trophy,1.0
1,Person1_10,vancouverCards,1.0
1,Person1_11,pinkEraser,1.0
20,Person20_1,partyFavor,1.0
20,Person20_2,partyFavor,1.0
20,Person20_3,hairClip,1.0
20,Person20_4,cloudSign,1.0
20,Person20_5,hairClip,1.0
20,Person20_6,noisemaker,1.0
20,Person20_7,noisemaker,1.0
20,Person20_8,noisemaker,1.0
20,Person20_8,cloudSign,1.0
20,Person20_9,redBow,1.0
20,Person20_10,redBow,1.0
20,Person20_11,gClamp,1.0
20,Person20_12,gClamp,1.0
20,Person20_13,metalKey,1.0
20,Person20_14,metalKey,1.0
20,Person20_15,metalKey,1.0
20,Person20_16,noisemaker,1.0
20,Person20_17,gClamp,1.0
20,Person20_18,redBow,1.0
20,Person20_18,partyFavor,1.0
20,Person20_19,redBow,1.0
20,Person20_20,metalKey,1.0
20,Person20_21,metalKey,1.0
20,Person20_22,eyeball,1.0
20,Person20_23,eyeball,1.0
20,Person20_24,cloudSign,1.0
20,Person20_24,hairClip,1.0
20,Person20_25,cloudSign,1.0
20,Person20_25,hairClip,1.0
20,Person20_26,gClamp,1.0
20,Person20_27,redBow,1.0
20,Person20_28,partyFavor,1.0
20,Person20_29,partyFavor,1.0
21,Person21_1,pumpkinNotes,1.0
21,Person21_1,gClamp,1.0
21,Person21_1,lavenderDie,1.0
21,Person21_1,rubiksCube,1.0
21,Person21_1,yellowBag,1.0
21,Person21_1,sign,1.0
21,Person21_2,sign,1.0
21,Person21_2,gClamp,1.0
21,Person21_3,pumpkinNotes,1.0
21,Person21_3,rubiksCube,1.0
21,Person21_4,yellowBag,1.0
22,Person22_1,foamDart,1.0
22,Person22_1,gClamp,1.0
22,Person22_2,trophy,1.0
22,Person22_2,blueSunglasses,1.0
22,Person22_3,canadaPencil,1.0
22,Person22_4,trophy,1.0
22,Person22_4,gClamp,1.0
22,Person22_4,stickerBox,1.0
22,Person22_4,giftBag,1.0
22,Person22_4,foamDart,1.0
22,Person22_5,stickerBox,1.0
22,Person22_5,canadaPencil,1.0
22,Person22_6,foamDart,1.0
22,Person22_6,blueSunglasses,1.0
22,Person22_7,foamDart,1.0
22,Person22_7,gClamp,1.0
22,Person22_7,giftBag,1.0
22,Person22_8,trophy,1.0
22,Person22_8,blueSunglasses,1.0
23,Person23_1,cupcakePaper,1.0
23,Person23_1,rainbowPens,1.0
23,Person23_1,gClamp,1.0
23,Person23_1,redWhistle,1.0
23,Person23_1,brownDie,1.0
23,Person23_1,pinkCandle,1.0
23,Person23_2,cupcakePaper,1.0
23,Person23_2,brownDie,1.0
23,Person23_2,gClamp,1.0
23,Person23_2,redWhistle,1.0
23,Person23_3,rainbowPens,1.0
23,Person23_4,rainbowPens,1.0
23,Person23_4,redWhistle,1.0
23,Person23_5,redWhistle,1.0
23,Person23_5,rainbowPens,1.0
23,Person23_6,none,1.0
23,Person23_7,gClamp,1.0
23,Person23_8,gClamp,1.0
23,Person23_9,gClamp,1.0
23,Person23_10,gClamp,1.0
23,Person23_11,gClamp,1.0
23,Person23_12,gClamp,1.0
23,Person23_13,gClamp,1.0
23,Person23_14,gClamp,1.0
23,Person23_15,gClamp,1.0
23,Person23_16,gClamp,1.0
23,Person23_17,gClamp,1.0
23,Person23_18,gClamp,1.0
23,Person23_19,gClamp,1.0
23,Person23_20,redWhistle,1.0
23,Person23_21,redWhistle,1.0
23,Person23_22,redWhistle,1.0
23,Person23_23,redWhistle,1.0
23,Person23_24,redWhistle,1.0
23,Person23_25,redWhistle,1.0
23,Person23_26,redWhistle,1.0
23,Person23_27,redWhistle,1.0
23,Person23_28,redWhistle,1.0
23,Person23_29,redWhistle,1.0
23,Person23_30,none,1.0
23,Person23_31,redWhistle,1.0
23,Person23_32,redWhistle,1.0
23,Person23_33,redWhistle,1.0
23,Person23_34,rainbowPens,1.0
23,Person23_35,rainbowPens,1.0
23,Person23_36,rainbowPens,1.0
23,Person23_37,rainbowPens,1.0
23,Person23_38,rainbowPens,1.0
23,Person23_39,rainbowPens,1.0
23,Person23_40,rainbowPens,1.0
23,Person23_41,rainbowPens,1.0
23,Person23_42,rainbowPens,1.0
23,Person23_43,rainbowPens,1.0
23,Person23_44,rainbowPens,1.0
23,Person23_45,rainbowPens,1.0
23,Person23_46,rainbowPens,1.0
23,Person23_47,brownDie,1.0
23,Person23_48,brownDie,1.0
23,Person23_49,brownDie,1.0
23,Person23_50,brownDie,1.0
23,Person23_51,brownDie,1.0
23,Person23_52,brownDie,1.0
23,Person23_53,brownDie,1.0
23,Person23_54,brownDie,1.0
23,Person23_55,brownDie,1.0
23,Person23_56,brownDie,1.0
23,Person23_57,brownDie,1.0
23,Person23_58,brownDie,1.0
23,Person23_59,brownDie,1.0
23,Person23_60,brownDie,1.0
23,Person23_61,brownDie,1.0
23,Person23_62,pinkCandle,1.0
23,Person23_63,pinkCandle,1.0
23,Person23_64,pinkCandle,1.0
23,Person23_65,pinkCandle,1.0
23,Person23_66,pinkCandle,1.0
23,Person23_67,pinkCandle,1.0
23,Person23_68,pinkCandle,1.0
23,Person23_69,pinkCandle,1.0
23,Person23_70,pinkCandle,1.0
23,Person23_71,pinkCandle,1.0
23,Person23_72,pinkCandle,1.0
23,Person23_73,cupcakePaper,1.0
23,Person23_74,cupcakePaper,1.0
23,Person23_75,cupcakePaper,1.0
23,Person23_76,cupcakePaper,1.0
23,Person23_77,cupcakePaper,1.0
23,Person23_78,cupcakePaper,1.0
23,Person23_79,cupcakePaper,1.0
23,Person23_80,cupcakePaper,1.0
23,Person23_81,cupcakePaper,1.0
23,Person23_82,cupcakePaper,1.0
23,Person23_83,cupcakePaper,1.0
24,Person24_1,miniCards,1.0
24,Person24_2,miniCards,1.0
24,Person24_3,miniCards,1.0
24,Person24_3,gClamp,1.0
24,Person24_4,miniCards,1.0
24,Person24_4,gClamp,1.0
24,Person24_4,spiderRing,1.0
24,Person24_5,spiderRing,1.0
24,Person24_5,legoBracelet,1.0
24,Person24_6,gClamp,1.0
24,Person24_7,legoBracelet,1.0
24,Person24_7,miniCards,1.0
24,Person24_7,spiderRing,1.0
24,Person24_8,silverStraw,1.0
24,Person24_9,silverStraw,1.0
24,Person24_10,gClamp,1.0
24,Person24_10,silverStraw,1.0
24,Person24_10,legoBracelet,1.0
24,Person24_10,miniCards,1.0
24,Person24_11,gClamp,1.0
24,Person24_11,silverStraw,1.0
24,Person24_11,legoBracelet,1.0
24,Person24_11,miniCards,1.0
24,Person24_12,gClamp,1.0
24,Person24_12,silverStraw,1.0
24,Person24_12,legoBracelet,1.0
24,Person24_12,miniCards,1.0
24,Person24_12,plaidPencil,1.0
24,Person24_13,gClamp,1.0
24,Person24_13,silverStraw,1.0
24,Person24_13,legoBracelet,1.0
24,Person24_13,miniCards,1.0
24,Person24_13,plaidPencil,1.0
24,Person24_14,voiceRecorder,1.0
25,Person25_1,paperPlate,1.0
25,Person25_2,paperPlate,1.0
25,Person25_3,sign,1.0
25,Person25_3,paperPlate,1.0
25,Person25_4,sign,1.0
25,Person25_4,paperPlate,1.0
25,Person25_5,sign,1.0
25,Person25_5,paperPlate,1.0
25,Person25_6,sign,1.0
25,Person25_7,sign,1.0
25,Person25_8,sign,1.0
25,Person25_9,canadaPencil,1.0
25,Person25_10,canadaPencil,1.0
25,Person25_11,canadaPencil,1.0
25,Person25_12,miniCards,1.0
25,Person25_13,miniCards,1.0
25,Person25_14,miniCards,1.0
25,Person25_15,miniCards,1.0
25,Person25_16,miniCards,1.0
25,Person25_16,paperPlate,1.0
25,Person25_17,carabiner,1.0
25,Person25_18,carabiner,1.0
25,Person25_19,carabiner,1.0
25,Person25_20,partyFavor,1.0
25,Person25_21,partyFavor,1.0
25,Person25_22,partyFavor,1.0
25,Person25_22,paperPlate,1.0
25,Person25_23,partyFavor,1.0
25,Person25_23,brownDie,1.0
25,Person25_24,brownDie,1.0
25,Person25_25,brownDie,1.0
25,Person25_26,partyFavor,1.0
25,Person25_26,miniCards,1.0
26,Person26_1,none,1.0
26,Person26_2,foamDart,1.0
26,Person26_2,gyroscope,1.0
26,Person26_3,voiceRecorder,1.0
26,Person26_4,vancouverCards,1.0
26,Person26_5,cloudSign,1.0
26,Person26_6,carabiner,1.0
27,Person27_1,carabiner,1.0
27,Person27_2,carabiner,1.0
27,Person27_3,carabiner,1.0
27,Person27_4,blueSunglasses,1.0
27,Person27_5,blueSunglasses,1.0
27,Person27_6,blueSunglasses,1.0
27,Person27_7,blueSunglasses,1.0
27,Person27_8,hairRoller,1.0
27,Person27_9,legoBracelet,1.0
27,Person27_10,legoBracelet,1.0
27,Person27_11,legoBracelet,1.0
27,Person27_12,pinkCandle,1.0
27,Person27_13,pumpkinNotes,1.0
27,Person27_14,pumpkinNotes,1.0
28,Person28_1,spiderRing,1.0
28,Person28_2,spiderRing,1.0
28,Person28_3,stickerBox,1.0
28,Person28_3,hairClip,1.0
28,Person28_4,carabiner,1.0
28,Person28_4,yellowBag,1.0
28,Person28_5,carabiner,1.0
28,Person28_5,cowbell,1.0
28,Person28_6,pinkEraser,1.0
29,Person29_1,redBow,1.0
29,Person29_2,redBow,1.0
29,Person29_3,redBow,1.0
29,Person29_4,carabiner,1.0
29,Person29_5,lavenderDie,1.0
29,Person29_6,glassBead,1.0
29,Person29_7,redBow,1.0
29,Person29_7,carabiner,1.0
29,Person29_7,trophy,1.0
29,Person29_7,redWhistle,1.0
29,Person29_8,plaidPencil,1.0
29,Person29_9,plaidPencil,1.0
29,Person29_10,trophy,1.0
29,Person29_11,trophy,1.0
29,Person29_11,lavenderDie,1.0
29,Person29_12,redBow,1.0
29,Person29_12,redWhistle,1.0
29,Person29_12,lavenderDie,1.0
29,Person29_12,glassBead,1.0
29,Person29_12,plaidPencil,1.0
29,Person29_12,trophy,1.0
29,Person29_12,carabiner,1.0
29,Person29_13,trophy,1.0
29,Person29_13,glassBead,1.0
29,Person29_14,redWhistle,1.0
2,Person2_1,noisemaker,1.0
2,Person2_1,yellowBalloon,1.0
2,Person2_2,metalKey,1.0
2,Person2_3,blueSunglasses,1.0
2,Person2_3,brownDie,1.0
2,Person2_4,noisemaker,1.0
2,Person2_5,lavenderDie,1.0
2,Person2_5,metalKey,1.0
2,Person2_5,spiderRing,1.0
2,Person2_5,brownDie,1.0
2,Person2_6,brownDie,1.0
2,Person2_6,metalKey,1.0
2,Person2_6,lavenderDie,1.0
2,Person2_6,yellowBalloon,1.0
2,Person2_6,blueSunglasses,1.0
2,Person2_7,blueSunglasses,1.0
2,Person2_7,spiderRing,1.0
2,Person2_8,blueSunglasses,1.0
2,Person2_8,brownDie,1.0
2,Person2_8,lavenderDie,1.0
2,Person2_8,metalKey,1.0
2,Person2_8,spiderRing,1.0
2,Person2_9,lavenderDie,1.0
2,Person2_10,blueSunglasses,1.0
2,Person2_10,spiderRing,1.0
2,Person2_10,metalKey,1.0
2,Person2_11,noisemaker,1.0
2,Person2_11,brownDie,1.0
2,Person2_11,lavenderDie,1.0
2,Person2_11,blueSunglasses,1.0
2,Person2_12,yellowBalloon,1.0
2,Person2_12,noisemaker,1.0
2,Person2_12,blueSunglasses,1.0
2,Person2_12,brownDie,1.0
2,Person2_12,spiderRing,1.0
2,Person2_12,metalKey,1.0
2,Person2_13,noisemaker,1.0
2,Person2_13,yellowBalloon,1.0
2,Person2_14,blueSunglasses,1.0
2,Person2_14,spiderRing,1.0
2,Person2_15,blueSunglasses,1.0
2,Person2_15,noisemaker,1.0
2,Person2_15,brownDie,1.0
2,Person2_15,metalKey,1.0
2,Person2_15,spiderRing,1.0
30,Person30_1,carabiner,1.0
30,Person30_1,silverStraw,1.0
30,Person30_1,rubiksCube,1.0
30,Person30_1,rainbowPens,1.0
30,Person30_1,giftBag,1.0
30,Person30_1,metalKey,1.0
30,Person30_2,rainbowPens,1.0
30,Person30_2,silverStraw,1.0
30,Person30_2,metalKey,1.0
30,Person30_3,rainbowPens,1.0
30,Person30_3,silverStraw,1.0
30,Person30_3,metalKey,1.0
30,Person30_4,rainbowPens,1.0
30,Person30_5,metalKey,1.0
30,Person30_6,carabiner,1.0
30,Person30_6,silverStraw,1.0
30,Person30_6,rubiksCube,1.0
30,Person30_6,rainbowPens,1.0
30,Person30_6,giftBag,1.0
30,Person30_6,metalKey,1.0
30,Person30_7,rainbowPens,1.0
30,Person30_7,silverStraw,1.0
30,Person30_7,metalKey,1.0
30,Person30_8,rainbowPens,1.0
30,Person30_8,silverStraw,1.0
30,Person30_8,metalKey,1.0
30,Person30_9,rainbowPens,1.0
30,Person30_10,metalKey,1.0
30,Person30_11,carabiner,1.0
30,Person30_11,rainbowPens,1.0
30,Person30_11,rubiksCube,1.0
30,Person30_11,eyeball,1.0
30,Person30_11,metalKey,1.0
30,Person30_11,silverStraw,1.0
30,Person30_12,carabiner,1.0
30,Person30_12,rainbowPens,1.0
30,Person30_12,rubiksCube,1.0
30,Person30_12,eyeball,1.0
30,Person30_12,metalKey,1.0
30,Person30_12,silverStraw,1.0
30,Person30_13,rainbowPens,1.0
30,Person30_13,rubiksCube,1.0
30,Person30_13,eyeball,1.0
30,Person30_13,giftBag,1.0
30,Person30_14,rainbowPens,1.0
30,Person30_14,rubiksCube,1.0
30,Person30_14,eyeball,1.0
30,Person30_14,carabiner,1.0
30,Person30_15,rainbowPens,1.0
30,Person30_15,rubiksCube,1.0
30,Person30_15,metalKey,1.0
30,Person30_16,rainbowPens,1.0
30,Person30_16,rubiksCube,1.0
30,Person30_16,metalKey,1.0
30,Person30_16,eyeball,1.0
30,Person30_16,giftBag,1.0
30,Person30_16,silverStraw,1.0
30,Person30_17,rainbowPens,1.0
30,Person30_17,rubiksCube,1.0
30,Person30_17,metalKey,1.0
30,Person30_17,carabiner,1.0
30,Person30_17,eyeball,1.0
30,Person30_18,rainbowPens,1.0
30,Person30_18,rubiksCube,1.0
30,Person30_18,eyeball,1.0
30,Person30_18,metalKey,1.0
30,Person30_18,giftBag,1.0
30,Person30_18,silverStraw,1.0
30,Person30_18,carabiner,1.0
31,Person31_1,cupcakePaper,1.0
31,Person31_1,blueSunglasses,1.0
31,Person31_1,turtle,1.0
31,Person31_1,paperPlate,1.0
31,Person31_1,rainbowPens,1.0
31,Person31_2,cupcakePaper,1.0
31,Person31_2,blueSunglasses,1.0
31,Person31_2,turtle,1.0
31,Person31_2,paperPlate,1.0
31,Person31_2,rainbowPens,1.0
31,Person31_3,cupcakePaper,1.0
31,Person31_3,blueSunglasses,1.0
31,Person31_3,turtle,1.0
31,Person31_3,paperPlate,1.0
31,Person31_3,rainbowPens,1.0
31,Person31_4,glassBead,1.0
31,Person31_4,blueSunglasses,1.0
31,Person31_4,turtle,1.0
31,Person31_4,paperPlate,1.0
31,Person31_5,stickerBox,1.0
32,Person32_1,none,1.0
32,Person32_2,none,1.0
32,Person32_3,none,1.0
32,Person32_4,none,1.0
32,Person32_5,pumpkinNotes,1.0
32,Person32_6,plaidPencil,1.0
32,Person32_7,turtle,1.0
32,Person32_8,metalKey,1.0
32,Person32_9,miniCards,1.0
32,Person32_10,cloudSign,1.0
32,Person32_11,cloudSign,1.0
32,Person32_11,turtle,1.0
32,Person32_12,metalKey,1.0
32,Person32_12,miniCards,1.0
32,Person32_13,cloudSign,1.0
32,Person32_14,turtle,1.0
32,Person32_15,miniCards,1.0
32,Person32_16,plaidPencil,1.0
32,Person32_17,metalKey,1.0
32,Person32_18,pumpkinNotes,1.0
32,Person32_18,plaidPencil,1.0
32,Person32_18,turtle,1.0
32,Person32_19,miniCards,1.0
32,Person32_20,turtle,1.0
32,Person32_21,plaidPencil,1.0
32,Person32_22,metalKey,1.0
32,Person32_23,pumpkinNotes,1.0
32,Person32_24,cloudSign,1.0
32,Person32_25,cloudSign,1.0
32,Person32_26,miniCards,1.0
32,Person32_27,turtle,1.0
32,Person32_28,pumpkinNotes,1.0
32,Person32_29,cloudSign,1.0
32,Person32_30,plaidPencil,1.0
32,Person32_31,pumpkinNotes,1.0
32,Person32_32,none,1.0
32,Person32_33,metalKey,1.0
32,Person32_34,none,1.0
32,Person32_35,none,1.0
32,Person32_36,plaidPencil,1.0
32,Person32_37,pumpkinNotes,1.0
32,Person32_37,miniCards,1.0
32,Person32_38,turtle,1.0
32,Person32_39,metalKey,1.0
32,Person32_40,cloudSign,1.0
32,Person32_41,none,1.0
32,Person32_42,none,1.0
32,Person32_43,turtle,1.0
32,Person32_44,none,1.0
32,Person32_45,none,1.0
32,Person32_46,none,1.0
32,Person32_47,metalKey,1.0
32,Person32_48,metalKey,1.0
32,Person32_48,miniCards,1.0
32,Person32_49,yellowBag,1.0
32,Person32_50,pumpkinNotes,1.0
32,Person32_51,pumpkinNotes,1.0
32,Person32_52,miniCards,1.0
32,Person32_53,metalKey,1.0
32,Person32_54,miniCards,1.0
32,Person32_54,turtle,1.0
32,Person32_55,pumpkinNotes,1.0
32,Person32_55,plaidPencil,1.0
32,Person32_56,cloudSign,1.0
33,Person33_1,foamDart,1.0
33,Person33_1,brownDie,1.0
33,Person33_2,giftBag,1.0
33,Person33_3,redWhistle,1.0
33,Person33_4,brownDie,1.0
33,Person33_5,redWhistle,1.0
33,Person33_6,foamDart,1.0
33,Person33_7,giftBag,1.0
33,Person33_8,foamDart,1.0
33,Person33_8,redWhistle,1.0
33,Person33_8,brownDie,1.0
33,Person33_9,brownDie,1.0
33,Person33_10,brownDie,1.0
33,Person33_10,turtle,1.0
33,Person33_11,foamDart,1.0
33,Person33_12,foamDart,1.0
33,Person33_12,hairRoller,1.0
33,Person33_13,foamDart,1.0
33,Person33_13,hairRoller,1.0
33,Person33_14,brownDie,1.0
33,Person33_15,brownDie,1.0
33,Person33_16,turtle,1.0
33,Person33_17,giftBag,1.0
33,Person33_18,turtle,1.0
33,Person33_19,redWhistle,1.0
33,Person33_20,foamDart,1.0
33,Person33_21,redWhistle,1.0
33,Person33_22,giftBag,1.0
33,Person33_23,foamDart,1.0
33,Person33_24,giftBag,1.0
33,Person33_24,foamDart,1.0
33,Person33_24,turtle,1.0
33,Person33_25,redWhistle,1.0
33,Person33_26,redWhistle,1.0
33,Person33_27,redWhistle,1.0
33,Person33_28,pinkEraser,1.0
33,Person33_29,turtle,1.0
33,Person33_30,turtle,1.0
33,Person33_31,turtle,1.0
33,Person33_31,hairRoller,1.0
33,Person33_32,turtle,1.0
33,Person33_32,hairRoller,1.0
33,Person33_33,turtle,1.0
33,Person33_33,brownDie,1.0
33,Person33_34,turtle,1.0
33,Person33_34,brownDie,1.0
33,Person33_34,redWhistle,1.0
33,Person33_35,turtle,1.0
33,Person33_36,turtle,1.0
33,Person33_36,hairRoller,1.0
33,Person33_37,foamDart,1.0
33,Person33_38,turtle,1.0
33,Person33_39,turtle,1.0
33,Person33_40,foamDart,1.0
33,Person33_40,giftBag,1.0
33,Person33_41,foamDart,1.0
33,Person33_42,turtle,1.0
33,Person33_43,turtle,1.0
33,Person33_43,giftBag,1.0
33,Person33_44,turtle,1.0
33,Person33_45,turtle,1.0
33,Person33_45,giftBag,1.0
33,Person33_46,turtle,1.0
33,Person33_47,turtle,1.0
33,Person33_48,turtle,1.0
33,Person33_48,hairRoller,1.0
33,Person33_49,giftBag,1.0
33,Person33_50,turtle,1.0
33,Person33_51,foamDart,1.0
33,Person33_51,giftBag,1.0
33,Person33_52,turtle,1.0
33,Person33_53,brownDie,1.0
33,Person33_53,giftBag,1.0
33,Person33_54,turtle,1.0
33,Person33_54,hairRoller,1.0
33,Person33_55,turtle,1.0
33,Person33_56,turtle,1.0
33,Person33_56,foamDart,1.0
33,Person33_57,foamDart,1.0
33,Person33_58,turtle,1.0
33,Person33_58,brownDie,1.0
33,Person33_59,foamDart,1.0
33,Person33_60,turtle,1.0
33,Person33_61,brownDie,1.0
34,Person34_1,none,1.0
34,Person34_2,legoBracelet,1.0
34,Person34_2,redBow,1.0
34,Person34_2,spiderRing,1.0
34,Person34_2,partyFavor,1.0
34,Person34_2,turtle,1.0
34,Person34_2,rubiksCube,1.0
34,Person34_3,spiderRing,1.0
34,Person34_4,rubiksCube,1.0
34,Person34_5,spiderRing,1.0
34,Person34_5,turtle,1.0
34,Person34_6,none,1.0
34,Person34_7,turtle,1.0
34,Person34_8,rubiksCube,1.0
34,Person34_8,spiderRing,1.0
34,Person34_8,redBow,1.0
34,Person34_9,legoBracelet,1.0
34,Person34_10,legoBracelet,1.0
34,Person34_10,rubiksCube,1.0
34,Person34_10,spiderRing,1.0
34,Person34_10,partyFavor,1.0
34,Person34_10,turtle,1.0
34,Person34_11,redBow,1.0
34,Person34_11,legoBracelet,1.0
34,Person34_12,rubiksCube,1.0
34,Person34_13,partyFavor,1.0
34,Person34_14,partyFavor,1.0
34,Person34_15,none,1.0
34,Person34_16,rubiksCube,1.0
34,Person34_17,partyFavor,1.0
34,Person34_18,turtle,1.0
34,Person34_19,rubiksCube,1.0
34,Person34_19,vancouverCards,1.0
34,Person34_20,none,1.0
34,Person34_21,rubiksCube,1.0
34,Person34_21,legoBracelet,1.0
34,Person34_21,partyFavor,1.0
34,Person34_22,redBow,1.0
34,Person34_22,turtle,1.0
34,Person34_23,redBow,1.0
34,Person34_23,turtle,1.0
34,Person34_23,rubiksCube,1.0
34,Person34_24,legoBracelet,1.0
34,Person34_24,rubiksCube,1.0
34,Person34_25,redBow,1.0
34,Person34_25,turtle,1.0
34,Person34_26,turtle,1.0
34,Person34_27,legoBracelet,1.0
34,Person34_28,redBow,1.0
34,Person34_29,turtle,1.0
34,Person34_30,rubiksCube,1.0
34,Person34_31,rubiksCube,1.0
34,Person34_32,partyFavor,1.0
34,Person34_32,vancouverCards,1.0
34,Person34_33,legoBracelet,1.0
34,Person34_33,vancouverCards,1.0
34,Person34_33,rubiksCube,1.0
34,Person34_33,redBow,1.0
34,Person34_33,partyFavor,1.0
34,Person34_34,legoBracelet,1.0
34,Person34_34,rubiksCube,1.0
34,Person34_34,partyFavor,1.0
34,Person34_35,redBow,1.0
34,Person34_36,rubiksCube,1.0
34,Person34_37,none,1.0
34,Person34_38,partyFavor,1.0
34,Person34_39,partyFavor,1.0
34,Person34_39,rubiksCube,1.0
34,Person34_40,partyFavor,1.0
34,Person34_41,partyFavor,1.0
34,Person34_41,spiderRing,1.0
34,Person34_42,spiderRing,1.0
34,Person34_42,redBow,1.0
34,Person34_43,rubiksCube,1.0
34,Person34_43,turtle,1.0
34,Person34_44,turtle,1.0
34,Person34_45,spiderRing,1.0
34,Person34_46,spiderRing,1.0
34,Person34_47,turtle,1.0
34,Person34_48,turtle,1.0
34,Person34_48,spiderRing,1.0
34,Person34_49,turtle,1.0
34,Person34_49,spiderRing,1.0
34,Person34_49,redBow,1.0
34,Person34_50,legoBracelet,1.0
35,Person35_1,gyroscope,1.0
35,Person35_1,turtle,1.0
35,Person35_1,eyeball,1.0
35,Person35_1,cowbell,1.0
35,Person35_1,trophy,1.0
35,Person35_1,canadaPencil,1.0
35,Person35_2,trophy,1.0
35,Person35_3,pinkCandle,1.0
35,Person35_4,turtle,1.0
35,Person35_5,cowbell,1.0
35,Person35_6,gyroscope,1.0
35,Person35_6,cowbell,1.0
35,Person35_6,canadaPencil,1.0
35,Person35_7,canadaPencil,1.0
35,Person35_8,canadaPencil,1.0
35,Person35_8,trophy,1.0
35,Person35_8,pinkCandle,1.0
35,Person35_9,gyroscope,1.0
35,Person35_9,cowbell,1.0
35,Person35_9,eyeball,1.0
35,Person35_10,cowbell,1.0
35,Person35_11,eyeball,1.0
35,Person35_12,eyeball,1.0
35,Person35_12,cowbell,1.0
36,Person36_1,voiceRecorder,1.0
36,Person36_2,turtle,1.0
36,Person36_3,turtle,1.0
36,Person36_4,hairClip,1.0
36,Person36_5,hairClip,1.0
36,Person36_5,lavenderDie,1.0
36,Person36_6,sign,1.0
36,Person36_7,silverStraw,1.0
36,Person36_8,noisemaker,1.0
37,Person37_1,noisemaker,1.0
37,Person37_2,gyroscope,1.0
37,Person37_3,gyroscope,1.0
37,Person37_4,paperPlate,1.0
37,Person37_5,cloudSign,1.0
37,Person37_6,redDart,1.0
37,Person37_7,partyFavor,1.0
37,Person37_8,hairRoller,1.0
37,Person37_9,cloudSign,1.0
37,Person37_9,paperPlate,1.0
37,Person37_9,partyFavor,1.0
37,Person37_9,redDart,1.0
37,Person37_9,gyroscope,1.0
37,Person37_9,hairRoller,1.0
37,Person37_9,noisemaker,1.0
37,Person37_10,cloudSign,1.0
37,Person37_10,paperPlate,1.0
37,Person37_11,noisemaker,1.0
37,Person37_11,partyFavor,1.0
37,Person37_12,gyroscope,1.0
37,Person37_13,cloudSign,1.0
37,Person37_13,paperPlate,1.0
37,Person37_13,hairRoller,1.0
37,Person37_13,redDart,1.0
37,Person37_14,cloudSign,1.0
37,Person37_14,paperPlate,1.0
37,Person37_14,hairRoller,1.0
37,Person37_14,redDart,1.0
37,Person37_14,gyroscope,1.0
37,Person37_15,cloudSign,1.0
37,Person37_15,paperPlate,1.0
37,Person37_15,hairRoller,1.0
37,Person37_15,redDart,1.0
37,Person37_15,gyroscope,1.0
37,Person37_16,cloudSign,1.0
37,Person37_16,paperPlate,1.0
37,Person37_16,noisemaker,1.0
37,Person37_17,noisemaker,1.0
37,Person37_18,gyroscope,1.0
37,Person37_19,cloudSign,1.0
37,Person37_20,paperPlate,1.0
37,Person37_20,hairRoller,1.0
37,Person37_21,redDart,1.0
37,Person37_22,cloudSign,1.0
37,Person37_22,noisemaker,1.0
37,Person37_23,partyFavor,1.0
37,Person37_23,gyroscope,1.0
37,Person37_24,redDart,1.0
37,Person37_24,hairRoller,1.0
38,Person38_1,rainbowPens,1.0
38,Person38_2,rainbowPens,1.0
38,Person38_3,yellowBag,1.0
38,Person38_4,rainbowPens,1.0
38,Person38_4,yellowBag,1.0
38,Person38_5,redWhistle,1.0
38,Person38_6,redWhistle,1.0
38,Person38_7,redWhistle,1.0
38,Person38_7,yellowBag,1.0
38,Person38_7,rainbowPens,1.0
38,Person38_8,cowbell,1.0
38,Person38_9,cowbell,1.0
38,Person38_10,rubiksCube,1.0
38,Person38_11,rubiksCube,1.0
38,Person38_12,rubiksCube,1.0
38,Person38_13,redDart,1.0
38,Person38_14,redDart,1.0
38,Person38_15,redDart,1.0
38,Person38_15,cowbell,1.0
38,Person38_15,redWhistle,1.0
38,Person38_15,rainbowPens,1.0
38,Person38_16,redDart,1.0
38,Person38_16,cowbell,1.0
38,Person38_16,redWhistle,1.0
38,Person38_16,rainbowPens,1.0
38,Person38_16,rubiksCube,1.0
38,Person38_16,yellowBag,1.0
39,Person39_1,vancouverCards,1.0
39,Person39_2,voiceRecorder,1.0
39,Person39_3,blueSunglasses,1.0
39,Person39_3,canadaPencil,1.0
39,Person39_4,blueSunglasses,1.0
39,Person39_4,canadaPencil,1.0
39,Person39_5,legoBracelet,1.0
39,Person39_6,legoBracelet,1.0
39,Person39_7,legoBracelet,1.0
39,Person39_8,legoBracelet,1.0
39,Person39_8,redDart,1.0
39,Person39_8,foamDart,1.0
39,Person39_9,redDart,1.0
39,Person39_9,foamDart,1.0
39,Person39_10,miniCards,1.0
39,Person39_11,miniCards,1.0
39,Person39_11,canadaPencil,1.0
39,Person39_12,miniCards,1.0
39,Person39_12,redDart,1.0
3,Person3_1,yellowBalloon,1.0
3,Person3_1,glassBead,1.0
3,Person3_2,yellowBalloon,1.0
3,Person3_2,glassBead,1.0
3,Person3_3,glassBead,1.0
3,Person3_4,glassBead,1.0
3,Person3_5,glassBead,1.0
3,Person3_6,cowbell,1.0
3,Person3_7,pumpkinNotes,1.0
3,Person3_7,rainbowPens,1.0
3,Person3_8,pumpkinNotes,1.0
3,Person3_8,rainbowPens,1.0
3,Person3_9,pumpkinNotes,1.0
3,Person3_9,rainbowPens,1.0
3,Person3_10,rainbowPens,1.0
3,Person3_11,rainbowPens,1.0
3,Person3_11,giftBag,1.0
3,Person3_11,glassBead,1.0
3,Person3_12,giftBag,1.0
3,Person3_13,cowbell,1.0
3,Person3_13,yellowBalloon,1.0
3,Person3_13,glassBead,1.0
3,Person3_14,yellowBalloon,1.0
3,Person3_14,rainbowPens,1.0
3,Person3_14,pumpkinNotes,1.0
3,Person3_15,pumpkinNotes,1.0
3,Person3_15,rainbowPens,1.0
3,Person3_16,rainbowPens,1.0
3,Person3_16,pumpkinNotes,1.0
3,Person3_17,yellowBalloon,1.0
3,Person3_18,yellowBalloon,1.0
3,Person3_19,yellowBalloon,1.0
3,Person3_20,yellowBalloon,1.0
3,Person3_21,yellowBalloon,1.0
3,Person3_22,rainbowPens,1.0
3,Person3_23,pumpkinNotes,1.0
3,Person3_23,rainbowPens,1.0
3,Person3_23,cowbell,1.0
3,Person3_24,giftBag,1.0
3,Person3_24,rainbowPens,1.0
3,Person3_25,none,1.0
40,Person40_1,redDart,1.0
40,Person40_2,redDart,1.0
40,Person40_3,eyeball,1.0
40,Person40_4,eyeball,1.0
40,Person40_5,glassBead,1.0
40,Person40_5,hairClip,1.0
40,Person40_6,metalKey,1.0
40,Person40_7,pinkEraser,1.0
40,Person40_8,pinkEraser,1.0
40,Person40_9,pinkEraser,1.0
40,Person40_10,redBow,1.0
4,Person4_1,plaidPencil,1.0
4,Person4_2,plaidPencil,1.0
4,Person4_2,rubiksCube,1.0
4,Person4_3,plaidPencil,1.0
4,Person4_4,hairClip,1.0
4,Person4_5,hairClip,1.0
4,Person4_6,cupcakePaper,1.0
4,Person4_7,cupcakePaper,1.0
4,Person4_8,yellowBalloon,1.0
4,Person4_9,yellowBalloon,1.0
4,Person4_10,miniCards,1.0
4,Person4_11,miniCards,1.0
4,Person4_12,canadaPencil,1.0
4,Person4_13,canadaPencil,1.0
4,Person4_14,miniCards,1.0
4,Person4_14,rubiksCube,1.0
4,Person4_15,canadaPencil,1.0
4,Person4_16,cupcakePaper,1.0
4,Person4_17,yellowBalloon,1.0
4,Person4_18,lavenderDie,1.0
4,Person4_18,rubiksCube,1.0
4,Person4_18,miniCards,1.0
4,Person4_19,yellowBalloon,1.0
4,Person4_19,rubiksCube,1.0
4,Person4_19,miniCards,1.0
4,Person4_19,hairClip,1.0
4,Person4_19,cupcakePaper,1.0
4,Person4_19,plaidPencil,1.0
4,Person4_19,canadaPencil,1.0
4,Person4_20,canadaPencil,1.0
4,Person4_20,plaidPencil,1.0
4,Person4_21,canadaPencil,1.0
4,Person4_21,plaidPencil,1.0
4,Person4_22,plaidPencil,1.0
4,Person4_23,canadaPencil,1.0
4,Person4_24,canadaPencil,1.0
4,Person4_24,plaidPencil,1.0
4,Person4_25,plaidPencil,1.0
5,Person5_1,eyeball,1.0
5,Person5_2,eyeball,1.0
5,Person5_2,sign,1.0
5,Person5_3,eyeball,1.0
5,Person5_3,sign,1.0
5,Person5_3,legoBracelet,1.0
5,Person5_4,eyeball,1.0
5,Person5_4,pinkEraser,1.0
5,Person5_4,legoBracelet,1.0
5,Person5_5,redWhistle,1.0
5,Person5_5,pinkEraser,1.0
5,Person5_5,legoBracelet,1.0
5,Person5_6,redWhistle,1.0
5,Person5_6,pinkEraser,1.0
5,Person5_6,legoBracelet,1.0
5,Person5_7,eyeball,1.0
5,Person5_7,sign,1.0
5,Person5_8,eyeball,1.0
5,Person5_8,pinkEraser,1.0
5,Person5_8,legoBracelet,1.0
5,Person5_9,none,1.0
5,Person5_10,none,1.0
5,Person5_11,none,1.0
5,Person5_12,redWhistle,1.0
5,Person5_13,redWhistle,1.0
5,Person5_13,legoBracelet,1.0
5,Person5_14,none,1.0
5,Person5_15,none,1.0
5,Person5_16,sign,1.0
5,Person5_17,sign,1.0
5,Person5_17,pinkEraser,1.0
5,Person5_18,eyeball,1.0
5,Person5_18,legoBracelet,1.0
5,Person5_19,yellowBalloon,1.0
5,Person5_20,none,1.0
5,Person5_21,pinkEraser,1.0
5,Person5_22,yellowBalloon,1.0
5,Person5_23,yellowBalloon,1.0
5,Person5_24,redWhistle,1.0
5,Person5_25,redWhistle,1.0
5,Person5_25,eyeball,1.0
5,Person5_26,pinkEraser,1.0
5,Person5_27,pinkEraser,1.0
5,Person5_28,eyeball,1.0
5,Person5_29,eyeball,1.0
5,Person5_29,sign,1.0
5,Person5_30,eyeball,1.0
5,Person5_30,sign,1.0
5,Person5_31,eyeball,1.0
5,Person5_32,yellowBalloon,1.0
5,Person5_33,yellowBalloon,1.0
5,Person5_34,none,1.0
5,Person5_35,eyeball,1.0
5,Person5_35,sign,1.0
5,Person5_35,pinkEraser,1.0
5,Person5_36,eyeball,1.0
5,Person5_37,eyeball,1.0
5,Person5_38,pinkEraser,1.0
5,Person5_38,redWhistle,1.0
5,Person5_39,pinkEraser,1.0
5,Person5_40,eyeball,1.0
5,Person5_41,eyeball,1.0
5,Person5_41,pinkEraser,1.0
5,Person5_41,legoBracelet,1.0
5,Person5_42,eyeball,1.0
5,Person5_42,pinkEraser,1.0
5,Person5_42,legoBracelet,1.0
5,Person5_42,redWhistle,1.0
5,Person5_43,eyeball,1.0
5,Person5_43,legoBracelet,1.0
6,Person6_1,rubiksCube,1.0
6,Person6_1,lavenderDie,1.0
6,Person6_1,miniCards,1.0
6,Person6_2,none,1.0
6,Person6_3,none,1.0
6,Person6_4,redBow,1.0
6,Person6_5,none,1.0
6,Person6_6,foamDart,1.0
6,Person6_7,foamDart,1.0
6,Person6_8,yellowBag,1.0
6,Person6_9,yellowBag,1.0
6,Person6_10,yellowBag,1.0
6,Person6_11,redBow,1.0
6,Person6_12,none,1.0
6,Person6_13,none,1.0
6,Person6_14,pinkCandle,1.0
6,Person6_14,redBow,1.0
6,Person6_15,yellowBalloon,1.0
6,Person6_16,yellowBalloon,1.0
6,Person6_17,pinkCandle,1.0
6,Person6_18,yellowBalloon,1.0
6,Person6_19,pinkCandle,1.0
6,Person6_20,pinkCandle,1.0
6,Person6_21,pinkCandle,1.0
6,Person6_21,yellowBalloon,1.0
6,Person6_21,foamDart,1.0
6,Person6_21,lavenderDie,1.0
6,Person6_21,yellowBag,1.0
6,Person6_21,redBow,1.0
6,Person6_22,silverStraw,1.0
6,Person6_23,lavenderDie,1.0
6,Person6_24,redBow,1.0
6,Person6_25,pinkCandle,1.0
6,Person6_26,pinkCandle,1.0
6,Person6_27,lavenderDie,1.0
6,Person6_28,lavenderDie,1.0
6,Person6_29,lavenderDie,1.0
6,Person6_30,silverStraw,1.0
7,Person7_1,cactusPaper,1.0
7,Person7_1,canadaPencil,1.0
7,Person7_2,blueSunglasses,1.0
7,Person7_3,brownDie,1.0
7,Person7_4,trophy,1.0
7,Person7_5,blueSunglasses,1.0
7,Person7_6,brownDie,1.0
7,Person7_7,paperPlate,1.0
7,Person7_8,blueSunglasses,1.0
7,Person7_9,trophy,1.0
7,Person7_9,redWhistle,1.0
7,Person7_10,redWhistle,1.0
7,Person7_11,trophy,1.0
7,Person7_12,trophy,1.0
7,Person7_12,redWhistle,1.0
7,Person7_12,brownDie,1.0
7,Person7_12,blueSunglasses,1.0
7,Person7_12,canadaPencil,1.0
7,Person7_12,cactusPaper,1.0
7,Person7_12,paperPlate,1.0
7,Person7_13,trophy,1.0
7,Person7_14,trophy,1.0
7,Person7_14,canadaPencil,1.0
7,Person7_15,canadaPencil,1.0
7,Person7_16,brownDie,1.0
7,Person7_17,redWhistle,1.0
8,Person8_1,cloudSign,1.0
8,Person8_2,rubiksCube,1.0
8,Person8_3,vancouverCards,1.0
8,Person8_4,voiceRecorder,1.0
8,Person8_5,none,1.0
8,Person8_6,cactusPaper,1.0
8,Person8_7,none,1.0
8,Person8_8,silverStraw,1.0
8,Person8_9,metalKey,1.0
9,Person9_1,stickerBox,1.0
9,Person9_2,metalKey,1.0
9,Person9_3,metalKey,1.0
9,Person9_3,hairRoller,1.0
9,Person9_4,hairRoller,1.0
9,Person9_4,pinkCandle,1.0
9,Person9_5,pinkCandle,1.0
9,Person9_6,blueSunglasses,1.0
9,Person9_7,blueSunglasses,1.0
9,Person9_8,blueSunglasses,1.0
9,Person9_8,hairRoller,1.0
9,Person9_9,blueSunglasses,1.0
9,Person9_10,blueSunglasses,1.0
9,Person9_11,pinkCandle,1.0
9,Person9_12,blueSunglasses,1.0
9,Person9_13,pinkEraser,1.0
9,Person9_14,pinkEraser,1.0
9,Person9_15,blueSunglasses,1.0
9,Person9_16,blueSunglasses,1.0
9,Person9_17,hairRoller,1.0
9,Person9_18,hairRoller,1.0
9,Person9_19,hairRoller,1.0
9,Person9_20,blueSunglasses,1.0
9,Person9_20,hairRoller,1.0
9,Person9_21,cactusPaper,1.0
9,Person9_22,cactusPaper,1.0
9,Person9_23,cactusPaper,1.0
9,Person9_24,cactusPaper,1.0
9,Person9_25,blueSunglasses,1.0
9,Person9_26,metalKey,1.0
