"Time of Day","Process Name","PID","Operation","Path","Result","Detail"
"1:30:42.9099104 PM","Explorer.EXE","1680","CreateFile","C:\Users\IEUser\Downloads","SUCCESS","Desired Access: Read Attributes, Disposition: Open, Options: Open Reparse Point, Attributes: n/a, ShareMode: Read, Write, Delete, AllocationSize: n/a, OpenResult: Opened"
"1:30:42.9100038 PM","Explorer.EXE","1680","CreateFile","C:\Users\IEUser\Downloads\Backdoor.Win32.Executor.a.exe","SUCCESS","Desired Access: Read Data/List Directory, Execute/Traverse, Read Attributes, Synchronize, Disposition: Open, Options: Synchronous IO Non-Alert, Non-Directory File, Attributes: n/a, ShareMode: Read, Delete, AllocationSize: n/a, OpenResult: Opened"
"1:30:42.9101662 PM","Explorer.EXE","1680","Process Create","C:\Users\IEUser\Downloads\Backdoor.Win32.Executor.a.exe","SUCCESS","PID: 4140, Command line: ""C:\Users\IEUser\Downloads\Backdoor.Win32.Executor.a.exe"" "
"1:30:42.9103109 PM","csrss.exe","364","CreateFile","C:\Users\IEUser\Downloads\Backdoor.Win32.Executor.a.exe.Manifest","NAME NOT FOUND","Desired Access: Generic Read, Disposition: Open, Options: Synchronous IO Non-Alert, Non-Directory File, Attributes: n/a, ShareMode: Read, Delete, AllocationSize: n/a, Impersonating: IE8WIN7\IEUser"
"1:30:42.9103862 PM","csrss.exe","364","CreateFile","C:\Users\IEUser\Downloads\Backdoor.Win32.Executor.a.exe.Local","NAME NOT FOUND","Desired Access: Read Attributes, Disposition: Open, Options: Open Reparse Point, Attributes: n/a, ShareMode: Read, Write, Delete, AllocationSize: n/a, Impersonating: IE8WIN7\IEUser"
"1:30:42.9106104 PM","Explorer.EXE","1680","CreateFile","C:\Users\IEUser\Downloads\Backdoor.Win32.Executor.a.exe","SUCCESS","Desired Access: Generic Read, Disposition: Open, Options: Synchronous IO Non-Alert, Non-Directory File, Attributes: N, ShareMode: Read, Delete, AllocationSize: n/a, OpenResult: Opened"
"1:30:42.9106890 PM","Explorer.EXE","1680","CreateFile","C:\Users\IEUser\Downloads\Backdoor.Win32.Executor.a.exe","SUCCESS","Desired Access: Read Attributes, Disposition: Open, Options: Open Reparse Point, Attributes: n/a, ShareMode: Read, Write, Delete, AllocationSize: n/a, OpenResult: Opened"
"1:30:42.9107504 PM","Explorer.EXE","1680","CreateFile","C:\Users\IEUser\Downloads\Backdoor.Win32.Executor.a.exe","SUCCESS","Desired Access: Generic Read, Disposition: Open, Options: Synchronous IO Non-Alert, Non-Directory File, Attributes: n/a, ShareMode: Read, Delete, AllocationSize: n/a, OpenResult: Opened"
"1:30:42.9107931 PM","Explorer.EXE","1680","Load Image","C:\Users\IEUser\Downloads\Backdoor.Win32.Executor.a.exe","SUCCESS","Image Base: 0x4070000, Image Size: 0x42000"
"1:30:42.9111001 PM","Explorer.EXE","1680","CreateFile","C:\Windows\System32\sfc.dll","SUCCESS","Desired Access: Read Attributes, Disposition: Open, Options: Open Reparse Point, Attributes: n/a, ShareMode: Read, Write, Delete, AllocationSize: n/a, OpenResult: Opened"
"1:30:42.9111834 PM","Explorer.EXE","1680","CreateFile","C:\Windows\System32\sfc.dll","SUCCESS","Desired Access: Read Data/List Directory, Execute/Traverse, Synchronize, Disposition: Open, Options: Synchronous IO Non-Alert, Non-Directory File, Attributes: n/a, ShareMode: Read, Delete, AllocationSize: n/a, OpenResult: Opened"
"1:30:42.9112990 PM","Explorer.EXE","1680","Load Image","C:\Windows\System32\sfc.dll","SUCCESS","Image Base: 0x72d20000, Image Size: 0x3000"
"1:30:42.9114176 PM","Explorer.EXE","1680","CreateFile","C:\Windows\sfc_os.DLL","NAME NOT FOUND","Desired Access: Read Attributes, Disposition: Open, Options: Open Reparse Point, Attributes: n/a, ShareMode: Read, Write, Delete, AllocationSize: n/a"
"1:30:42.9114978 PM","Explorer.EXE","1680","CreateFile","C:\Windows\System32\sfc_os.dll","SUCCESS","Desired Access: Read Attributes, Disposition: Open, Options: Open Reparse Point, Attributes: n/a, ShareMode: Read, Write, Delete, AllocationSize: n/a, OpenResult: Opened"
"1:30:42.9115764 PM","Explorer.EXE","1680","CreateFile","C:\Windows\System32\sfc_os.dll","SUCCESS","Desired Access: Read Data/List Directory, Execute/Traverse, Synchronize, Disposition: Open, Options: Synchronous IO Non-Alert, Non-Directory File, Attributes: n/a, ShareMode: Read, Delete, AllocationSize: n/a, OpenResult: Opened"
"1:30:42.9116814 PM","Explorer.EXE","1680","Load Image","C:\Windows\System32\sfc_os.dll","SUCCESS","Image Base: 0x71ca0000, Image Size: 0xd000"
"1:30:42.9119110 PM","Explorer.EXE","1680","CreateFile","C:\Windows\winsxs\FileMaps\users_ieuser_downloads_41ecec14578eb28e.cdf-ms","NAME NOT FOUND","Desired Access: Generic Read, Disposition: Open, Options: , Attributes: n/a, ShareMode: Read, AllocationSize: n/a"
"1:30:42.9121236 PM","Explorer.EXE","1680","CreateFile","C:\Users\IEUser\Downloads\Backdoor.Win32.Executor.a.exe","SUCCESS","Desired Access: Execute/Traverse, Synchronize, Disposition: Open, Options: Synchronous IO Non-Alert, Non-Directory File, Attributes: n/a, ShareMode: Read, Delete, AllocationSize: n/a, OpenResult: Opened"
"1:30:42.9122833 PM","Explorer.EXE","1680","CreateFile","C:\Windows\AppPatch\pcamain.sdb","SUCCESS","Desired Access: Generic Read, Disposition: Open, Options: Synchronous IO Non-Alert, Non-Directory File, Attributes: N, ShareMode: Read, AllocationSize: n/a, OpenResult: Opened"
"1:30:42.9124386 PM","Explorer.EXE","1680","CreateFile","C:\Users\IEUser\Downloads","SUCCESS","Desired Access: Read Data/List Directory, Synchronize, Disposition: Open, Options: Directory, Synchronous IO Non-Alert, Attributes: n/a, ShareMode: Read, Write, AllocationSize: n/a, OpenResult: Opened"
"1:30:42.9125340 PM","Explorer.EXE","1680","CreateFile","C:\Users\IEUser\Downloads\Backdoor.Win32.Executor.a.exe","SUCCESS","Desired Access: Read Attributes, Disposition: Open, Options: Open Reparse Point, Attributes: n/a, ShareMode: Read, Write, Delete, AllocationSize: n/a, OpenResult: Opened"
"1:30:42.9125614 PM","Explorer.EXE","1680","CreateFile","C:\","SUCCESS","Desired Access: Read Data/List Directory, Synchronize, Disposition: Open, Options: Directory, Synchronous IO Non-Alert, Attributes: n/a, ShareMode: Read, Write, Delete, AllocationSize: n/a, OpenResult: Opened"
"1:30:42.9126595 PM","Explorer.EXE","1680","CreateFile","C:\Users","SUCCESS","Desired Access: Read Data/List Directory, Synchronize, Disposition: Open, Options: Directory, Synchronous IO Non-Alert, Attributes: n/a, ShareMode: Read, Write, Delete, AllocationSize: n/a, OpenResult: Opened"
"1:30:42.9128359 PM","Explorer.EXE","1680","CreateFile","C:\Users\IEUser\Downloads","SUCCESS","Desired Access: Read Data/List Directory, Synchronize, Disposition: Open, Options: Directory, Synchronous IO Non-Alert, Attributes: n/a, ShareMode: Read, Write, Delete, AllocationSize: n/a, OpenResult: Opened"
"1:30:42.9130135 PM","Explorer.EXE","1680","CreateFile","C:\Users\IEUser\Downloads\Backdoor.Win32.Executor.a.exe","SUCCESS","Desired Access: Generic Read, Disposition: Open, Options: Synchronous IO Non-Alert, Non-Directory File, Attributes: N, ShareMode: Read, AllocationSize: n/a, OpenResult: Opened"
"1:30:42.9130617 PM","Explorer.EXE","1680","Load Image","C:\Users\IEUser\Downloads\Backdoor.Win32.Executor.a.exe","SUCCESS","Image Base: 0x4070000, Image Size: 0x42000"
"1:30:42.9131065 PM","Explorer.EXE","1680","CreateFile","C:\Users\IEUser\Downloads\Backdoor.Win32.Executor.a.exe","SUCCESS","Desired Access: Generic Read, Disposition: Open, Options: Synchronous IO Non-Alert, Non-Directory File, Attributes: N, ShareMode: Read, AllocationSize: n/a, OpenResult: Opened"
"1:30:42.9133303 PM","Explorer.EXE","1680","CreateFile","C:\Users\IEUser\Downloads\Backdoor.Win32.Executor.a.exe","SUCCESS","Desired Access: Read Attributes, Disposition: Open, Options: Open Reparse Point, Attributes: n/a, ShareMode: Read, Write, Delete, AllocationSize: n/a, OpenResult: Opened"
"1:30:42.9133909 PM","Explorer.EXE","1680","CreateFile","C:\Users\IEUser\Downloads\Backdoor.Win32.Executor.a.exe","SUCCESS","Desired Access: Generic Read, Disposition: Open, Options: Synchronous IO Non-Alert, Non-Directory File, Attributes: n/a, ShareMode: Read, Delete, AllocationSize: n/a, OpenResult: Opened"
"1:30:42.9134499 PM","Explorer.EXE","1680","Load Image","C:\Users\IEUser\Downloads\Backdoor.Win32.Executor.a.exe","SUCCESS","Image Base: 0x4070000, Image Size: 0x42000"
"1:30:42.9140046 PM","Explorer.EXE","1680","CreateFile","C:\","SUCCESS","Desired Access: Synchronize, Disposition: Open, Options: Directory, Synchronous IO Non-Alert, Attributes: n/a, ShareMode: None, AllocationSize: n/a, OpenResult: Opened"
"1:30:42.9141052 PM","Explorer.EXE","1680","CreateFile","C:\","SUCCESS","Desired Access: Synchronize, Disposition: Open, Options: Directory, Synchronous IO Non-Alert, Attributes: n/a, ShareMode: None, AllocationSize: n/a, OpenResult: Opened"
"1:30:42.9141352 PM","Explorer.EXE","1680","CreateFile","C:\","SUCCESS","Desired Access: Synchronize, Disposition: Open, Options: Directory, Synchronous IO Non-Alert, Attributes: n/a, ShareMode: None, AllocationSize: n/a, OpenResult: Opened"
"1:30:42.9223652 PM","svchost.exe","820","CreateFile","C:\Users\IEUser\Downloads\Backdoor.Win32.Executor.a.exe","SUCCESS","Desired Access: Generic Read, Disposition: Open, Options: Synchronous IO Non-Alert, Non-Directory File, Attributes: N, ShareMode: Read, Delete, AllocationSize: n/a, Impersonating: IE8WIN7\IEUser, OpenResult: Opened"
"1:30:42.9224742 PM","svchost.exe","820","CreateFile","C:\Users\IEUser\Downloads\Backdoor.Win32.Executor.a.exe","SUCCESS","Desired Access: Generic Read/Execute, Disposition: Open, Options: Synchronous IO Non-Alert, Non-Directory File, Attributes: n/a, ShareMode: Read, Delete, AllocationSize: n/a, Impersonating: IE8WIN7\IEUser, OpenResult: Opened"
"1:30:42.9225067 PM","svchost.exe","820","Load Image","C:\Users\IEUser\Downloads\Backdoor.Win32.Executor.a.exe","SUCCESS","Image Base: 0x1080000, Image Size: 0x42000"
"1:30:42.9225637 PM","svchost.exe","820","CreateFile","C:\Users\IEUser\Downloads\Backdoor.Win32.Executor.a.exe.Manifest","NAME NOT FOUND","Desired Access: Generic Read/Execute, Disposition: Open, Options: Synchronous IO Non-Alert, Non-Directory File, Attributes: n/a, ShareMode: Read, Delete, AllocationSize: n/a, Impersonating: IE8WIN7\IEUser"
"1:30:42.9226254 PM","svchost.exe","820","CreateFile","C:\Users\IEUser\Downloads\Backdoor.Win32.Executor.a.exe","SUCCESS","Desired Access: Generic Read, Disposition: Open, Options: Synchronous IO Non-Alert, Non-Directory File, Attributes: N, ShareMode: Read, Delete, AllocationSize: n/a, Impersonating: IE8WIN7\IEUser, OpenResult: Opened"
"1:30:42.9226991 PM","svchost.exe","820","CreateFile","C:\Users\IEUser\Downloads\Backdoor.Win32.Executor.a.exe","SUCCESS","Desired Access: Read Attributes, Disposition: Open, Options: Open Reparse Point, Attributes: n/a, ShareMode: Read, Write, Delete, AllocationSize: n/a, Impersonating: IE8WIN7\IEUser, OpenResult: Opened"
"1:30:42.9227979 PM","svchost.exe","820","CreateFile","C:\Users\IEUser\Downloads\Backdoor.Win32.Executor.a.exe","SUCCESS","Desired Access: Generic Read, Disposition: Open, Options: Synchronous IO Non-Alert, Non-Directory File, Attributes: n/a, ShareMode: Read, Delete, AllocationSize: n/a, Impersonating: IE8WIN7\IEUser, OpenResult: Opened"
"1:30:42.9228292 PM","svchost.exe","820","Load Image","C:\Users\IEUser\Downloads\Backdoor.Win32.Executor.a.exe","SUCCESS","Image Base: 0x1080000, Image Size: 0x42000"
"1:30:42.9229904 PM","svchost.exe","820","CreateFile","C:\Users\IEUser\Downloads\Backdoor.Win32.Executor.a.exe","SUCCESS","Desired Access: Execute/Traverse, Synchronize, Disposition: Open, Options: Synchronous IO Non-Alert, Non-Directory File, Attributes: n/a, ShareMode: Read, Delete, AllocationSize: n/a, OpenResult: Opened"
"1:30:42.9231027 PM","svchost.exe","820","CreateFile","C:\Windows\AppPatch\pcamain.sdb","SUCCESS","Desired Access: Generic Read, Disposition: Open, Options: Synchronous IO Non-Alert, Non-Directory File, Attributes: N, ShareMode: Read, AllocationSize: n/a, OpenResult: Opened"
"1:30:42.9232331 PM","svchost.exe","820","CreateFile","C:\Users\IEUser\Downloads","SUCCESS","Desired Access: Read Data/List Directory, Synchronize, Disposition: Open, Options: Directory, Synchronous IO Non-Alert, Attributes: n/a, ShareMode: Read, Write, AllocationSize: n/a, OpenResult: Opened"
"1:30:42.9233172 PM","svchost.exe","820","CreateFile","C:\Users\IEUser\Downloads\Backdoor.Win32.Executor.a.exe","SUCCESS","Desired Access: Read Attributes, Disposition: Open, Options: Open Reparse Point, Attributes: n/a, ShareMode: Read, Write, Delete, AllocationSize: n/a, OpenResult: Opened"
"1:30:42.9233387 PM","svchost.exe","820","CreateFile","C:\","SUCCESS","Desired Access: Read Data/List Directory, Synchronize, Disposition: Open, Options: Directory, Synchronous IO Non-Alert, Attributes: n/a, ShareMode: Read, Write, Delete, AllocationSize: n/a, OpenResult: Opened"
"1:30:42.9233956 PM","svchost.exe","820","CreateFile","C:\Users","SUCCESS","Desired Access: Read Data/List Directory, Synchronize, Disposition: Open, Options: Directory, Synchronous IO Non-Alert, Attributes: n/a, ShareMode: Read, Write, Delete, AllocationSize: n/a, OpenResult: Opened"
"1:30:42.9235242 PM","svchost.exe","820","CreateFile","C:\Users\IEUser\Downloads","SUCCESS","Desired Access: Read Data/List Directory, Synchronize, Disposition: Open, Options: Directory, Synchronous IO Non-Alert, Attributes: n/a, ShareMode: Read, Write, Delete, AllocationSize: n/a, OpenResult: Opened"
"1:30:42.9236198 PM","svchost.exe","820","CreateFile","C:\Users\IEUser\Downloads\Backdoor.Win32.Executor.a.exe","SUCCESS","Desired Access: Generic Read, Disposition: Open, Options: Synchronous IO Non-Alert, Non-Directory File, Attributes: N, ShareMode: Read, AllocationSize: n/a, OpenResult: Opened"
"1:30:42.9236521 PM","svchost.exe","820","Load Image","C:\Users\IEUser\Downloads\Backdoor.Win32.Executor.a.exe","SUCCESS","Image Base: 0x1080000, Image Size: 0x42000"
"1:30:42.9236882 PM","svchost.exe","820","CreateFile","C:\Users\IEUser\Downloads\Backdoor.Win32.Executor.a.exe","SUCCESS","Desired Access: Generic Read, Disposition: Open, Options: Synchronous IO Non-Alert, Non-Directory File, Attributes: N, ShareMode: Read, AllocationSize: n/a, OpenResult: Opened"
"1:30:42.9239163 PM","svchost.exe","820","CreateFile","C:\Users\IEUser\Downloads\Backdoor.Win32.Executor.a.exe","SUCCESS","Desired Access: Read Attributes, Disposition: Open, Options: Open Reparse Point, Attributes: n/a, ShareMode: Read, Write, Delete, AllocationSize: n/a, OpenResult: Opened"
"1:30:42.9239646 PM","svchost.exe","820","CreateFile","C:\Users\IEUser\Downloads\Backdoor.Win32.Executor.a.exe","SUCCESS","Desired Access: Generic Read, Disposition: Open, Options: Synchronous IO Non-Alert, Non-Directory File, Attributes: n/a, ShareMode: Read, Delete, AllocationSize: n/a, OpenResult: Opened"
"1:30:42.9240049 PM","svchost.exe","820","Load Image","C:\Users\IEUser\Downloads\Backdoor.Win32.Executor.a.exe","SUCCESS","Image Base: 0x1080000, Image Size: 0x42000"
"1:30:42.9250361 PM","Explorer.EXE","1680","CreateFile","C:\Users\IEUser\Desktop","SUCCESS","Desired Access: Read Data/List Directory, Read Attributes, Synchronize, Disposition: Open, Options: Synchronous IO Non-Alert, Attributes: n/a, ShareMode: Read, Write, Delete, AllocationSize: n/a, OpenResult: Opened"
"1:30:42.9250998 PM","Explorer.EXE","1680","CreateFile","C:\Users\IEUser\Desktop\%1","NAME NOT FOUND","Desired Access: Read Attributes, Synchronize, Disposition: Open, Options: Synchronous IO Non-Alert, Attributes: N, ShareMode: Read, Write, Delete, AllocationSize: n/a"
"1:30:42.9251515 PM","Explorer.EXE","1680","CreateFile","C:\Users\Public\Desktop","SUCCESS","Desired Access: Read Data/List Directory, Read Attributes, Synchronize, Disposition: Open, Options: Synchronous IO Non-Alert, Attributes: n/a, ShareMode: Read, Write, Delete, AllocationSize: n/a, OpenResult: Opened"
"1:30:42.9252059 PM","Explorer.EXE","1680","CreateFile","C:\Users\Public\Desktop\%1","NAME NOT FOUND","Desired Access: Read Attributes, Synchronize, Disposition: Open, Options: Synchronous IO Non-Alert, Attributes: N, ShareMode: Read, Write, Delete, AllocationSize: n/a"
"1:30:42.9263951 PM","svchost.exe","820","CreateFile","C:\Windows\AppPatch\sysmain.sdb","SUCCESS","Desired Access: Generic Read, Disposition: Open, Options: Synchronous IO Non-Alert, Non-Directory File, Attributes: N, ShareMode: Read, AllocationSize: n/a, OpenResult: Opened"
"1:30:42.9265201 PM","svchost.exe","820","CreateFile","C:\Users\IEUser\Downloads","SUCCESS","Desired Access: Read Data/List Directory, Synchronize, Disposition: Open, Options: Directory, Synchronous IO Non-Alert, Attributes: n/a, ShareMode: Read, Write, AllocationSize: n/a, OpenResult: Opened"
"1:30:42.9266019 PM","svchost.exe","820","CreateFile","C:\Users\IEUser\Downloads\Backdoor.Win32.Executor.a.exe","SUCCESS","Desired Access: Read Attributes, Disposition: Open, Options: Open Reparse Point, Attributes: n/a, ShareMode: Read, Write, Delete, AllocationSize: n/a, OpenResult: Opened"
"1:30:42.9266229 PM","svchost.exe","820","CreateFile","C:\","SUCCESS","Desired Access: Read Data/List Directory, Synchronize, Disposition: Open, Options: Directory, Synchronous IO Non-Alert, Attributes: n/a, ShareMode: Read, Write, Delete, AllocationSize: n/a, OpenResult: Opened"
"1:30:42.9267231 PM","svchost.exe","820","CreateFile","C:\Users","SUCCESS","Desired Access: Read Data/List Directory, Synchronize, Disposition: Open, Options: Directory, Synchronous IO Non-Alert, Attributes: n/a, ShareMode: Read, Write, Delete, AllocationSize: n/a, OpenResult: Opened"
"1:30:42.9268553 PM","svchost.exe","820","CreateFile","C:\Users\IEUser\Downloads","SUCCESS","Desired Access: Read Data/List Directory, Synchronize, Disposition: Open, Options: Directory, Synchronous IO Non-Alert, Attributes: n/a, ShareMode: Read, Write, Delete, AllocationSize: n/a, OpenResult: Opened"
"1:30:42.9269719 PM","svchost.exe","820","CreateFile","C:\Users\IEUser\Downloads\Backdoor.Win32.Executor.a.exe","SUCCESS","Desired Access: Read Attributes, Disposition: Open, Options: Open Reparse Point, Attributes: n/a, ShareMode: Read, Write, Delete, AllocationSize: n/a, OpenResult: Opened"
"1:30:42.9270208 PM","svchost.exe","820","CreateFile","C:\Users\IEUser\Downloads\Backdoor.Win32.Executor.a.exe","SUCCESS","Desired Access: Generic Read, Disposition: Open, Options: Synchronous IO Non-Alert, Non-Directory File, Attributes: n/a, ShareMode: Read, Delete, AllocationSize: n/a, OpenResult: Opened"
"1:30:42.9270515 PM","svchost.exe","820","Load Image","C:\Users\IEUser\Downloads\Backdoor.Win32.Executor.a.exe","SUCCESS","Image Base: 0x1080000, Image Size: 0x42000"
"1:30:42.9273012 PM","svchost.exe","820","CreateFile","C:\Users\IEUser\Downloads\Backdoor.Win32.Executor.a.exe","SUCCESS","Desired Access: Generic Read, Disposition: Open, Options: Synchronous IO Non-Alert, Non-Directory File, Attributes: N, ShareMode: Read, AllocationSize: n/a, OpenResult: Opened"
"1:30:42.9273315 PM","svchost.exe","820","Load Image","C:\Users\IEUser\Downloads\Backdoor.Win32.Executor.a.exe","SUCCESS","Image Base: 0x1080000, Image Size: 0x42000"
"1:30:42.9273666 PM","svchost.exe","820","CreateFile","C:\Users\IEUser\Downloads\Backdoor.Win32.Executor.a.exe","SUCCESS","Desired Access: Generic Read, Disposition: Open, Options: Synchronous IO Non-Alert, Non-Directory File, Attributes: N, ShareMode: Read, AllocationSize: n/a, OpenResult: Opened"
"1:30:42.9284101 PM","svchost.exe","820","CreateFile","C:\Users\IEUser\Downloads\ui\SwDRM.dll","PATH NOT FOUND","Desired Access: Read Attributes, Disposition: Open, Options: Open Reparse Point, Attributes: n/a, ShareMode: Read, Write, Delete, AllocationSize: n/a"
"1:30:42.9298096 PM","Backdoor.Win32.Executor.a.exe","4140","Load Image","C:\Users\IEUser\Downloads\Backdoor.Win32.Executor.a.exe","SUCCESS","Image Base: 0x400000, Image Size: 0x42000"
"1:30:42.9298612 PM","Backdoor.Win32.Executor.a.exe","4140","Load Image","C:\Windows\System32\ntdll.dll","SUCCESS","Image Base: 0x77ae0000, Image Size: 0x141000"
"1:30:42.9299303 PM","Backdoor.Win32.Executor.a.exe","4140","CreateFile","C:\Windows\Prefetch\BACKDOOR.WIN32.EXECUTOR.A.EXE-3A720882.pf","NAME NOT FOUND","Desired Access: Generic Read, Disposition: Open, Options: Synchronous IO Non-Alert, Attributes: n/a, ShareMode: None, AllocationSize: n/a"
"1:30:42.9300703 PM","Backdoor.Win32.Executor.a.exe","4140","CreateFile","C:\Users\IEUser\Downloads","SUCCESS","Desired Access: Execute/Traverse, Synchronize, Disposition: Open, Options: Directory, Synchronous IO Non-Alert, Attributes: n/a, ShareMode: Read, Write, AllocationSize: n/a, OpenResult: Opened"
"1:30:42.9301376 PM","Backdoor.Win32.Executor.a.exe","4140","Load Image","C:\Windows\System32\kernel32.dll","SUCCESS","Image Base: 0x771d0000, Image Size: 0xd4000"
"1:30:42.9302491 PM","Backdoor.Win32.Executor.a.exe","4140","Load Image","C:\Windows\System32\KernelBase.dll","SUCCESS","Image Base: 0x75ed0000, Image Size: 0x4b000"
"1:30:42.9305576 PM","Backdoor.Win32.Executor.a.exe","4140","Load Image","C:\Windows\System32\user32.dll","SUCCESS","Image Base: 0x77430000, Image Size: 0xc9000"
"1:30:42.9306778 PM","Backdoor.Win32.Executor.a.exe","4140","Load Image","C:\Windows\System32\gdi32.dll","SUCCESS","Image Base: 0x75f30000, Image Size: 0x4e000"
"1:30:42.9307874 PM","Backdoor.Win32.Executor.a.exe","4140","Load Image","C:\Windows\System32\lpk.dll","SUCCESS","Image Base: 0x77ad0000, Image Size: 0xa000"
"1:30:42.9308615 PM","Backdoor.Win32.Executor.a.exe","4140","Load Image","C:\Windows\System32\usp10.dll","SUCCESS","Image Base: 0x77340000, Image Size: 0x9d000"
"1:30:42.9309146 PM","Backdoor.Win32.Executor.a.exe","4140","Load Image","C:\Windows\System32\msvcrt.dll","SUCCESS","Image Base: 0x779a0000, Image Size: 0xac000"
"1:30:42.9310837 PM","Backdoor.Win32.Executor.a.exe","4140","Load Image","C:\Windows\System32\advapi32.dll","SUCCESS","Image Base: 0x77120000, Image Size: 0xa1000"
"1:30:42.9311791 PM","Backdoor.Win32.Executor.a.exe","4140","CreateFile","C:\Windows\System32\sechost.dll","SUCCESS","Desired Access: Read Attributes, Disposition: Open, Options: Open Reparse Point, Attributes: n/a, ShareMode: Read, Write, Delete, AllocationSize: n/a, OpenResult: Opened"
"1:30:42.9312698 PM","Backdoor.Win32.Executor.a.exe","4140","CreateFile","C:\Windows\System32\sechost.dll","SUCCESS","Desired Access: Read Data/List Directory, Execute/Traverse, Synchronize, Disposition: Open, Options: Synchronous IO Non-Alert, Non-Directory File, Attributes: n/a, ShareMode: Read, Delete, AllocationSize: n/a, OpenResult: Opened"
"1:30:42.9313614 PM","Backdoor.Win32.Executor.a.exe","4140","Load Image","C:\Windows\System32\sechost.dll","SUCCESS","Image Base: 0x761c0000, Image Size: 0x19000"
"1:30:42.9315080 PM","Backdoor.Win32.Executor.a.exe","4140","Load Image","C:\Windows\System32\rpcrt4.dll","SUCCESS","Image Base: 0x75f80000, Image Size: 0xa2000"
"1:30:42.9319965 PM","Backdoor.Win32.Executor.a.exe","4140","Load Image","C:\Windows\System32\oleaut32.dll","SUCCESS","Image Base: 0x76100000, Image Size: 0x8f000"
"1:30:42.9321080 PM","Backdoor.Win32.Executor.a.exe","4140","Load Image","C:\Windows\System32\ole32.dll","SUCCESS","Image Base: 0x76370000, Image Size: 0x15c000"
"1:30:42.9327584 PM","Backdoor.Win32.Executor.a.exe","4140","CreateFile","C:\Users\IEUser\Downloads\Backdoor.Win32.Executor.a.exe.Local","NAME NOT FOUND","Desired Access: Read Attributes, Disposition: Open, Options: Open Reparse Point, Attributes: n/a, ShareMode: Read, Write, Delete, AllocationSize: n/a"
"1:30:42.9329399 PM","Backdoor.Win32.Executor.a.exe","4140","CreateFile","C:\Windows\winsxs\x86_microsoft.windows.common-controls_6595b64144ccf1df_5.82.7601.18837_none_ec86b8d6858ec0bc","SUCCESS","Desired Access: Read Attributes, Disposition: Open, Options: Open Reparse Point, Attributes: n/a, ShareMode: Read, Write, Delete, AllocationSize: n/a, OpenResult: Opened"
"1:30:42.9330851 PM","Backdoor.Win32.Executor.a.exe","4140","CreateFile","C:\Windows\winsxs\x86_microsoft.windows.common-controls_6595b64144ccf1df_5.82.7601.18837_none_ec86b8d6858ec0bc","SUCCESS","Desired Access: Execute/Traverse, Synchronize, Disposition: Open, Options: Directory, Synchronous IO Non-Alert, Attributes: n/a, ShareMode: Read, Write, AllocationSize: n/a, OpenResult: Opened"
"1:30:42.9332026 PM","Backdoor.Win32.Executor.a.exe","4140","CreateFile","C:\Windows\winsxs\x86_microsoft.windows.common-controls_6595b64144ccf1df_5.82.7601.18837_none_ec86b8d6858ec0bc\comctl32.dll","SUCCESS","Desired Access: Read Attributes, Disposition: Open, Options: Open Reparse Point, Attributes: n/a, ShareMode: Read, Write, Delete, AllocationSize: n/a, OpenResult: Opened"
"1:30:42.9332652 PM","Backdoor.Win32.Executor.a.exe","4140","CreateFile","C:\Windows\winsxs\x86_microsoft.windows.common-controls_6595b64144ccf1df_5.82.7601.18837_none_ec86b8d6858ec0bc\comctl32.dll","SUCCESS","Desired Access: Read Data/List Directory, Execute/Traverse, Synchronize, Disposition: Open, Options: Synchronous IO Non-Alert, Non-Directory File, Attributes: n/a, ShareMode: Read, Delete, AllocationSize: n/a, OpenResult: Opened"
"1:30:42.9333635 PM","Backdoor.Win32.Executor.a.exe","4140","Load Image","C:\Windows\winsxs\x86_microsoft.windows.common-controls_6595b64144ccf1df_5.82.7601.18837_none_ec86b8d6858ec0bc\comctl32.dll","SUCCESS","Image Base: 0x6ecd0000, Image Size: 0x84000"
"1:30:42.9399914 PM","Backdoor.Win32.Executor.a.exe","4140","CreateFile","C:\Users\IEUser\Downloads\wsock32.dll","NAME NOT FOUND","Desired Access: Read Attributes, Disposition: Open, Options: Open Reparse Point, Attributes: n/a, ShareMode: Read, Write, Delete, AllocationSize: n/a"
"1:30:42.9401264 PM","Backdoor.Win32.Executor.a.exe","4140","CreateFile","C:\Windows\System32\wsock32.dll","SUCCESS","Desired Access: Read Attributes, Disposition: Open, Options: Open Reparse Point, Attributes: n/a, ShareMode: Read, Write, Delete, AllocationSize: n/a, OpenResult: Opened"
"1:30:42.9402875 PM","Backdoor.Win32.Executor.a.exe","4140","CreateFile","C:\Windows\System32\wsock32.dll","SUCCESS","Desired Access: Read Data/List Directory, Execute/Traverse, Synchronize, Disposition: Open, Options: Synchronous IO Non-Alert, Non-Directory File, Attributes: n/a, ShareMode: Read, Delete, AllocationSize: n/a, OpenResult: Opened"
"1:30:42.9542280 PM","Backdoor.Win32.Executor.a.exe","4140","Load Image","C:\Windows\System32\wsock32.dll","SUCCESS","Image Base: 0x71080000, Image Size: 0x7000"
"1:30:42.9552922 PM","Backdoor.Win32.Executor.a.exe","4140","Load Image","C:\Windows\System32\ws2_32.dll","SUCCESS","Image Base: 0x773e0000, Image Size: 0x35000"
"1:30:42.9554243 PM","Backdoor.Win32.Executor.a.exe","4140","Load Image","C:\Windows\System32\nsi.dll","SUCCESS","Image Base: 0x77420000, Image Size: 0x6000"
"1:30:42.9560268 PM","Backdoor.Win32.Executor.a.exe","4140","CreateFile","C:\Windows\System32\imm32.dll","SUCCESS","Desired Access: Read Attributes, Disposition: Open, Options: Open Reparse Point, Attributes: n/a, ShareMode: Read, Write, Delete, AllocationSize: n/a, OpenResult: Opened"
"1:30:42.9561176 PM","Backdoor.Win32.Executor.a.exe","4140","CreateFile","C:\Windows\System32\imm32.dll","SUCCESS","Desired Access: Read Data/List Directory, Synchronize, Disposition: Open, Options: Synchronous IO Non-Alert, Non-Directory File, Attributes: n/a, ShareMode: Read, Delete, AllocationSize: n/a, OpenResult: Opened"
"1:30:42.9562613 PM","Backdoor.Win32.Executor.a.exe","4140","CreateFile","C:\Windows\System32\imm32.dll","SUCCESS","Desired Access: Read Attributes, Disposition: Open, Options: Open Reparse Point, Attributes: n/a, ShareMode: Read, Write, Delete, AllocationSize: n/a, OpenResult: Opened"
"1:30:42.9563335 PM","Backdoor.Win32.Executor.a.exe","4140","CreateFile","C:\Windows\System32\imm32.dll","SUCCESS","Desired Access: Read Data/List Directory, Synchronize, Disposition: Open, Options: Synchronous IO Non-Alert, Non-Directory File, Attributes: n/a, ShareMode: Read, Delete, AllocationSize: n/a, OpenResult: Opened"
"1:30:42.9564613 PM","Backdoor.Win32.Executor.a.exe","4140","CreateFile","C:\Windows\System32\imm32.dll","SUCCESS","Desired Access: Read Attributes, Disposition: Open, Options: Open Reparse Point, Attributes: n/a, ShareMode: Read, Write, Delete, AllocationSize: n/a, OpenResult: Opened"
"1:30:42.9565324 PM","Backdoor.Win32.Executor.a.exe","4140","CreateFile","C:\Windows\System32\imm32.dll","SUCCESS","Desired Access: Read Data/List Directory, Execute/Traverse, Synchronize, Disposition: Open, Options: Synchronous IO Non-Alert, Non-Directory File, Attributes: n/a, ShareMode: Read, Delete, AllocationSize: n/a, OpenResult: Opened"
"1:30:42.9566242 PM","Backdoor.Win32.Executor.a.exe","4140","Load Image","C:\Windows\System32\imm32.dll","SUCCESS","Image Base: 0x77ab0000, Image Size: 0x1f000"
"1:30:42.9567170 PM","Backdoor.Win32.Executor.a.exe","4140","Load Image","C:\Windows\System32\msctf.dll","SUCCESS","Image Base: 0x76030000, Image Size: 0xcc000"
"1:30:42.9574613 PM","Backdoor.Win32.Executor.a.exe","4140","CreateFile","C:\Users\IEUser\Downloads\Backdoor.Win32.Executor.a.ENU","NAME NOT FOUND","Desired Access: Read Attributes, Disposition: Open, Options: Open Reparse Point, Attributes: n/a, ShareMode: Read, Write, Delete, AllocationSize: n/a"
"1:30:42.9575358 PM","Backdoor.Win32.Executor.a.exe","4140","CreateFile","C:\Users\IEUser\Downloads\Backdoor.Win32.Executor.a.ENU.DLL","NAME NOT FOUND","Desired Access: Read Attributes, Disposition: Open, Options: Open Reparse Point, Attributes: n/a, ShareMode: Read, Write, Delete, AllocationSize: n/a"
"1:30:42.9576102 PM","Backdoor.Win32.Executor.a.exe","4140","CreateFile","C:\Users\IEUser\Downloads\Backdoor.Win32.Executor.a.EN","NAME NOT FOUND","Desired Access: Read Attributes, Disposition: Open, Options: Open Reparse Point, Attributes: n/a, ShareMode: Read, Write, Delete, AllocationSize: n/a"
"1:30:42.9576725 PM","Backdoor.Win32.Executor.a.exe","4140","CreateFile","C:\Users\IEUser\Downloads\Backdoor.Win32.Executor.a.EN.DLL","NAME NOT FOUND","Desired Access: Read Attributes, Disposition: Open, Options: Open Reparse Point, Attributes: n/a, ShareMode: Read, Write, Delete, AllocationSize: n/a"
"1:30:42.9578601 PM","Backdoor.Win32.Executor.a.exe","4140","CreateFile","C:\Windows\System32\uxtheme.dll","SUCCESS","Desired Access: Read Attributes, Disposition: Open, Options: Open Reparse Point, Attributes: n/a, ShareMode: Read, Write, Delete, AllocationSize: n/a, OpenResult: Opened"
"1:30:42.9579389 PM","Backdoor.Win32.Executor.a.exe","4140","CreateFile","C:\Windows\System32\uxtheme.dll","SUCCESS","Desired Access: Read Data/List Directory, Execute/Traverse, Synchronize, Disposition: Open, Options: Synchronous IO Non-Alert, Non-Directory File, Attributes: n/a, ShareMode: Read, Delete, AllocationSize: n/a, OpenResult: Opened"
"1:30:42.9580374 PM","Backdoor.Win32.Executor.a.exe","4140","Load Image","C:\Windows\System32\uxtheme.dll","SUCCESS","Image Base: 0x74870000, Image Size: 0x40000"
"1:30:42.9593074 PM","Backdoor.Win32.Executor.a.exe","4140","CreateFile","C:\Windows\Globalization\Sorting\SortDefault.nls","SUCCESS","Desired Access: Generic Read, Disposition: Open, Options: Synchronous IO Non-Alert, Non-Directory File, Attributes: N, ShareMode: Read, AllocationSize: n/a, OpenResult: Opened"
"1:30:42.9604394 PM","Backdoor.Win32.Executor.a.exe","4140","CreateFile","C:\Users\IEUser\Downloads\dwmapi.dll","NAME NOT FOUND","Desired Access: Read Attributes, Disposition: Open, Options: Open Reparse Point, Attributes: n/a, ShareMode: Read, Write, Delete, AllocationSize: n/a"
"1:30:42.9605235 PM","Backdoor.Win32.Executor.a.exe","4140","CreateFile","C:\Windows\System32\dwmapi.dll","SUCCESS","Desired Access: Read Attributes, Disposition: Open, Options: Open Reparse Point, Attributes: n/a, ShareMode: Read, Write, Delete, AllocationSize: n/a, OpenResult: Opened"
"1:30:42.9606017 PM","Backdoor.Win32.Executor.a.exe","4140","CreateFile","C:\Windows\System32\dwmapi.dll","SUCCESS","Desired Access: Read Data/List Directory, Execute/Traverse, Synchronize, Disposition: Open, Options: Synchronous IO Non-Alert, Non-Directory File, Attributes: n/a, ShareMode: Read, Delete, AllocationSize: n/a, OpenResult: Opened"
"1:30:42.9606958 PM","Backdoor.Win32.Executor.a.exe","4140","Load Image","C:\Windows\System32\dwmapi.dll","SUCCESS","Image Base: 0x74540000, Image Size: 0x13000"
"1:30:42.9615052 PM","Backdoor.Win32.Executor.a.exe","4140","CreateFile","C:\Windows\Fonts\StaticCache.dat","SUCCESS","Desired Access: Generic Read, Disposition: Open, Options: Synchronous IO Non-Alert, Non-Directory File, Attributes: n/a, ShareMode: Read, Delete, AllocationSize: n/a, OpenResult: Opened"
"1:30:42.9624412 PM","Backdoor.Win32.Executor.a.exe","4140","CreateFile","C:\Windows\Fonts\sserife.fon","SUCCESS","Desired Access: Generic Read/Execute, Disposition: Open, Options: Synchronous IO Alert, Attributes: N, ShareMode: Read, Delete, AllocationSize: n/a, OpenResult: Opened"
"1:30:42.9644190 PM","Backdoor.Win32.Executor.a.exe","4140","CreateFile","C:\Windows\System32\rpcss.dll","SUCCESS","Desired Access: Read Attributes, Disposition: Open, Options: Open Reparse Point, Attributes: n/a, ShareMode: Read, Write, Delete, AllocationSize: n/a, OpenResult: Opened"
"1:30:42.9645080 PM","Backdoor.Win32.Executor.a.exe","4140","CreateFile","C:\Windows\System32\rpcss.dll","SUCCESS","Desired Access: Read Data/List Directory, Synchronize, Disposition: Open, Options: Synchronous IO Non-Alert, Non-Directory File, Attributes: n/a, ShareMode: Read, Delete, AllocationSize: n/a, OpenResult: Opened"
"1:30:42.9647387 PM","Backdoor.Win32.Executor.a.exe","4140","CreateFile","C:\Windows\System32\rpcss.dll","SUCCESS","Desired Access: Read Attributes, Disposition: Open, Options: Open Reparse Point, Attributes: n/a, ShareMode: Read, Write, Delete, AllocationSize: n/a, OpenResult: Opened"
"1:30:42.9648529 PM","Backdoor.Win32.Executor.a.exe","4140","CreateFile","C:\Windows\System32\rpcss.dll","SUCCESS","Desired Access: Read Data/List Directory, Synchronize, Disposition: Open, Options: Synchronous IO Non-Alert, Non-Directory File, Attributes: n/a, ShareMode: Read, Delete, AllocationSize: n/a, OpenResult: Opened"
"1:30:42.9650523 PM","Backdoor.Win32.Executor.a.exe","4140","CreateFile","C:\Users\IEUser\Downloads\CRYPTBASE.dll","NAME NOT FOUND","Desired Access: Read Attributes, Disposition: Open, Options: Open Reparse Point, Attributes: n/a, ShareMode: Read, Write, Delete, AllocationSize: n/a"
"1:30:42.9651245 PM","Backdoor.Win32.Executor.a.exe","4140","CreateFile","C:\Windows\System32\cryptbase.dll","SUCCESS","Desired Access: Read Attributes, Disposition: Open, Options: Open Reparse Point, Attributes: n/a, ShareMode: Read, Write, Delete, AllocationSize: n/a, OpenResult: Opened"
"1:30:42.9651890 PM","Backdoor.Win32.Executor.a.exe","4140","CreateFile","C:\Windows\System32\cryptbase.dll","SUCCESS","Desired Access: Read Data/List Directory, Execute/Traverse, Synchronize, Disposition: Open, Options: Synchronous IO Non-Alert, Non-Directory File, Attributes: n/a, ShareMode: Read, Delete, AllocationSize: n/a, OpenResult: Opened"
"1:30:42.9655544 PM","Backdoor.Win32.Executor.a.exe","4140","Load Image","C:\Windows\System32\cryptbase.dll","SUCCESS","Image Base: 0x75b30000, Image Size: 0xc000"
"1:30:43.9689298 PM","taskhost.exe","1332","CreateFile","C:\Windows\Media\Windows Critical Stop.wav","SUCCESS","Desired Access: Generic Read, Disposition: Open, Options: Synchronous IO Non-Alert, Non-Directory File, Attributes: N, ShareMode: Read, Write, AllocationSize: n/a, OpenResult: Opened"
"1:30:44.2006521 PM","VBoxService.exe","632","CreateFile","C:\Windows\System32\advapi32.dll","SUCCESS","Desired Access: Read Attributes, Disposition: Open, Options: Open Reparse Point, Attributes: n/a, ShareMode: Read, Write, Delete, AllocationSize: n/a, OpenResult: Opened"
"1:30:44.2007782 PM","VBoxService.exe","632","CreateFile","C:\Windows\System32\advapi32.dll","SUCCESS","Desired Access: Read Attributes, Disposition: Open, Options: Open Reparse Point, Attributes: n/a, ShareMode: Read, Write, Delete, AllocationSize: n/a, OpenResult: Opened"
"1:30:44.2008526 PM","VBoxService.exe","632","CreateFile","C:\Windows\System32\advapi32.dll","SUCCESS","Desired Access: Read Data/List Directory, Execute/Traverse, Synchronize, Disposition: Open, Options: Synchronous IO Non-Alert, Non-Directory File, Attributes: n/a, ShareMode: Read, Delete, AllocationSize: n/a, OpenResult: Opened"
"1:30:44.2009688 PM","VBoxService.exe","632","Load Image","C:\Windows\System32\advapi32.dll","SUCCESS","Image Base: 0x920000, Image Size: 0xa1000"
"1:30:44.2012334 PM","VBoxTray.exe","1956","CreateFile","C:\Windows\System32\advapi32.dll","SUCCESS","Desired Access: Read Attributes, Disposition: Open, Options: Open Reparse Point, Attributes: n/a, ShareMode: Read, Write, Delete, AllocationSize: n/a, OpenResult: Opened"
"1:30:44.2013472 PM","VBoxTray.exe","1956","CreateFile","C:\Windows\System32\advapi32.dll","SUCCESS","Desired Access: Read Attributes, Disposition: Open, Options: Open Reparse Point, Attributes: n/a, ShareMode: Read, Write, Delete, AllocationSize: n/a, OpenResult: Opened"
"1:30:44.2014187 PM","VBoxTray.exe","1956","CreateFile","C:\Windows\System32\advapi32.dll","SUCCESS","Desired Access: Read Data/List Directory, Execute/Traverse, Synchronize, Disposition: Open, Options: Synchronous IO Non-Alert, Non-Directory File, Attributes: n/a, ShareMode: Read, Delete, AllocationSize: n/a, OpenResult: Opened"
"1:30:44.2015137 PM","VBoxTray.exe","1956","Load Image","C:\Windows\System32\advapi32.dll","SUCCESS","Image Base: 0xdb0000, Image Size: 0xa1000"
"1:30:44.5117679 PM","SearchIndexer.exe","2372","CreateFile","C:\ProgramData\Microsoft\Search\Data","SUCCESS","Desired Access: Synchronize, Disposition: Open, Options: Directory, Synchronous IO Non-Alert, Open For Free Space Query, Attributes: n/a, ShareMode: None, AllocationSize: n/a, OpenResult: Opened"
"1:30:44.9836280 PM","taskhost.exe","1332","CreateFile","C:\Windows\Media\Windows Critical Stop.wav","SUCCESS","Desired Access: Generic Read, Disposition: Open, Options: Synchronous IO Non-Alert, Non-Directory File, Attributes: N, ShareMode: Read, Write, AllocationSize: n/a, OpenResult: Opened"
"1:30:46.0001178 PM","taskhost.exe","1332","CreateFile","C:\Windows\Media\Windows Critical Stop.wav","SUCCESS","Desired Access: Generic Read, Disposition: Open, Options: Synchronous IO Non-Alert, Non-Directory File, Attributes: N, ShareMode: Read, Write, AllocationSize: n/a, OpenResult: Opened"
"1:30:47.0156463 PM","taskhost.exe","1332","CreateFile","C:\Windows\Media\Windows Critical Stop.wav","SUCCESS","Desired Access: Generic Read, Disposition: Open, Options: Synchronous IO Non-Alert, Non-Directory File, Attributes: N, ShareMode: Read, Write, AllocationSize: n/a, OpenResult: Opened"
"1:30:48.0318707 PM","taskhost.exe","1332","CreateFile","C:\Windows\Media\Windows Critical Stop.wav","SUCCESS","Desired Access: Generic Read, Disposition: Open, Options: Synchronous IO Non-Alert, Non-Directory File, Attributes: N, ShareMode: Read, Write, AllocationSize: n/a, OpenResult: Opened"
"1:30:49.0470184 PM","taskhost.exe","1332","CreateFile","C:\Windows\Media\Windows Critical Stop.wav","SUCCESS","Desired Access: Generic Read, Disposition: Open, Options: Synchronous IO Non-Alert, Non-Directory File, Attributes: N, ShareMode: Read, Write, AllocationSize: n/a, OpenResult: Opened"
"1:30:49.2005312 PM","VBoxService.exe","632","CreateFile","C:\Windows\System32\advapi32.dll","SUCCESS","Desired Access: Read Attributes, Disposition: Open, Options: Open Reparse Point, Attributes: n/a, ShareMode: Read, Write, Delete, AllocationSize: n/a, OpenResult: Opened"
"1:30:49.2006770 PM","VBoxService.exe","632","CreateFile","C:\Windows\System32\advapi32.dll","SUCCESS","Desired Access: Read Attributes, Disposition: Open, Options: Open Reparse Point, Attributes: n/a, ShareMode: Read, Write, Delete, AllocationSize: n/a, OpenResult: Opened"
"1:30:49.2007520 PM","VBoxService.exe","632","CreateFile","C:\Windows\System32\advapi32.dll","SUCCESS","Desired Access: Read Data/List Directory, Execute/Traverse, Synchronize, Disposition: Open, Options: Synchronous IO Non-Alert, Non-Directory File, Attributes: n/a, ShareMode: Read, Delete, AllocationSize: n/a, OpenResult: Opened"
"1:30:49.2008679 PM","VBoxService.exe","632","Load Image","C:\Windows\System32\advapi32.dll","SUCCESS","Image Base: 0x920000, Image Size: 0xa1000"
"1:30:49.2010847 PM","VBoxTray.exe","1956","CreateFile","C:\Windows\System32\advapi32.dll","SUCCESS","Desired Access: Read Attributes, Disposition: Open, Options: Open Reparse Point, Attributes: n/a, ShareMode: Read, Write, Delete, AllocationSize: n/a, OpenResult: Opened"
"1:30:49.2011974 PM","VBoxTray.exe","1956","CreateFile","C:\Windows\System32\advapi32.dll","SUCCESS","Desired Access: Read Attributes, Disposition: Open, Options: Open Reparse Point, Attributes: n/a, ShareMode: Read, Write, Delete, AllocationSize: n/a, OpenResult: Opened"
"1:30:49.2012697 PM","VBoxTray.exe","1956","CreateFile","C:\Windows\System32\advapi32.dll","SUCCESS","Desired Access: Read Data/List Directory, Execute/Traverse, Synchronize, Disposition: Open, Options: Synchronous IO Non-Alert, Non-Directory File, Attributes: n/a, ShareMode: Read, Delete, AllocationSize: n/a, OpenResult: Opened"
"1:30:49.2013616 PM","VBoxTray.exe","1956","Load Image","C:\Windows\System32\advapi32.dll","SUCCESS","Image Base: 0xdb0000, Image Size: 0xa1000"
"1:30:50.0623593 PM","taskhost.exe","1332","CreateFile","C:\Windows\Media\Windows Critical Stop.wav","SUCCESS","Desired Access: Generic Read, Disposition: Open, Options: Synchronous IO Non-Alert, Non-Directory File, Attributes: N, ShareMode: Read, Write, AllocationSize: n/a, OpenResult: Opened"
"1:30:51.0625517 PM","taskhost.exe","1332","CreateFile","C:\Windows\Media\Windows Critical Stop.wav","SUCCESS","Desired Access: Generic Read, Disposition: Open, Options: Synchronous IO Non-Alert, Non-Directory File, Attributes: N, ShareMode: Read, Write, AllocationSize: n/a, OpenResult: Opened"
"1:30:52.0626936 PM","taskhost.exe","1332","CreateFile","C:\Windows\Media\Windows Critical Stop.wav","SUCCESS","Desired Access: Generic Read, Disposition: Open, Options: Synchronous IO Non-Alert, Non-Directory File, Attributes: N, ShareMode: Read, Write, AllocationSize: n/a, OpenResult: Opened"
"1:30:52.9179302 PM","svchost.exe","820","CreateFile","C:\Windows\Prefetch\BACKDOOR.WIN32.EXECUTOR.A.EXE-3A720882.pf","NAME NOT FOUND","Desired Access: Generic Read, Disposition: Open, Options: Synchronous IO Non-Alert, Non-Directory File, Attributes: n/a, ShareMode: Read, AllocationSize: n/a, Impersonating: NT AUTHORITY\SYSTEM"
"1:30:53.0622973 PM","taskhost.exe","1332","CreateFile","C:\Windows\Media\Windows Critical Stop.wav","SUCCESS","Desired Access: Generic Read, Disposition: Open, Options: Synchronous IO Non-Alert, Non-Directory File, Attributes: N, ShareMode: Read, Write, AllocationSize: n/a, OpenResult: Opened"
"1:30:54.0623352 PM","taskhost.exe","1332","CreateFile","C:\Windows\Media\Windows Critical Stop.wav","SUCCESS","Desired Access: Generic Read, Disposition: Open, Options: Synchronous IO Non-Alert, Non-Directory File, Attributes: N, ShareMode: Read, Write, AllocationSize: n/a, OpenResult: Opened"
"1:30:54.2009719 PM","VBoxService.exe","632","CreateFile","C:\Windows\System32\advapi32.dll","SUCCESS","Desired Access: Read Attributes, Disposition: Open, Options: Open Reparse Point, Attributes: n/a, ShareMode: Read, Write, Delete, AllocationSize: n/a, OpenResult: Opened"
"1:30:54.2010967 PM","VBoxService.exe","632","CreateFile","C:\Windows\System32\advapi32.dll","SUCCESS","Desired Access: Read Attributes, Disposition: Open, Options: Open Reparse Point, Attributes: n/a, ShareMode: Read, Write, Delete, AllocationSize: n/a, OpenResult: Opened"
"1:30:54.2011708 PM","VBoxService.exe","632","CreateFile","C:\Windows\System32\advapi32.dll","SUCCESS","Desired Access: Read Data/List Directory, Execute/Traverse, Synchronize, Disposition: Open, Options: Synchronous IO Non-Alert, Non-Directory File, Attributes: n/a, ShareMode: Read, Delete, AllocationSize: n/a, OpenResult: Opened"
"1:30:54.2013043 PM","VBoxService.exe","632","Load Image","C:\Windows\System32\advapi32.dll","SUCCESS","Image Base: 0x920000, Image Size: 0xa1000"
"1:30:54.2015279 PM","VBoxTray.exe","1956","CreateFile","C:\Windows\System32\advapi32.dll","SUCCESS","Desired Access: Read Attributes, Disposition: Open, Options: Open Reparse Point, Attributes: n/a, ShareMode: Read, Write, Delete, AllocationSize: n/a, OpenResult: Opened"
"1:30:54.2016419 PM","VBoxTray.exe","1956","CreateFile","C:\Windows\System32\advapi32.dll","SUCCESS","Desired Access: Read Attributes, Disposition: Open, Options: Open Reparse Point, Attributes: n/a, ShareMode: Read, Write, Delete, AllocationSize: n/a, OpenResult: Opened"
"1:30:54.2017145 PM","VBoxTray.exe","1956","CreateFile","C:\Windows\System32\advapi32.dll","SUCCESS","Desired Access: Read Data/List Directory, Execute/Traverse, Synchronize, Disposition: Open, Options: Synchronous IO Non-Alert, Non-Directory File, Attributes: n/a, ShareMode: Read, Delete, AllocationSize: n/a, OpenResult: Opened"
"1:30:54.2018065 PM","VBoxTray.exe","1956","Load Image","C:\Windows\System32\advapi32.dll","SUCCESS","Image Base: 0xdb0000, Image Size: 0xa1000"
"1:30:55.0621183 PM","taskhost.exe","1332","CreateFile","C:\Windows\Media\Windows Critical Stop.wav","SUCCESS","Desired Access: Generic Read, Disposition: Open, Options: Synchronous IO Non-Alert, Non-Directory File, Attributes: N, ShareMode: Read, Write, AllocationSize: n/a, OpenResult: Opened"
"1:30:56.0623119 PM","taskhost.exe","1332","CreateFile","C:\Windows\Media\Windows Critical Stop.wav","SUCCESS","Desired Access: Generic Read, Disposition: Open, Options: Synchronous IO Non-Alert, Non-Directory File, Attributes: N, ShareMode: Read, Write, AllocationSize: n/a, OpenResult: Opened"
"1:30:57.0625691 PM","taskhost.exe","1332","CreateFile","C:\Windows\Media\Windows Critical Stop.wav","SUCCESS","Desired Access: Generic Read, Disposition: Open, Options: Synchronous IO Non-Alert, Non-Directory File, Attributes: N, ShareMode: Read, Write, AllocationSize: n/a, OpenResult: Opened"
"1:30:58.0623928 PM","taskhost.exe","1332","CreateFile","C:\Windows\Media\Windows Critical Stop.wav","SUCCESS","Desired Access: Generic Read, Disposition: Open, Options: Synchronous IO Non-Alert, Non-Directory File, Attributes: N, ShareMode: Read, Write, AllocationSize: n/a, OpenResult: Opened"
"1:30:59.0619124 PM","taskhost.exe","1332","CreateFile","C:\Windows\Media\Windows Critical Stop.wav","SUCCESS","Desired Access: Generic Read, Disposition: Open, Options: Synchronous IO Non-Alert, Non-Directory File, Attributes: N, ShareMode: Read, Write, AllocationSize: n/a, OpenResult: Opened"
"1:30:59.2004826 PM","VBoxService.exe","632","CreateFile","C:\Windows\System32\advapi32.dll","SUCCESS","Desired Access: Read Attributes, Disposition: Open, Options: Open Reparse Point, Attributes: n/a, ShareMode: Read, Write, Delete, AllocationSize: n/a, OpenResult: Opened"
"1:30:59.2006145 PM","VBoxService.exe","632","CreateFile","C:\Windows\System32\advapi32.dll","SUCCESS","Desired Access: Read Attributes, Disposition: Open, Options: Open Reparse Point, Attributes: n/a, ShareMode: Read, Write, Delete, AllocationSize: n/a, OpenResult: Opened"
"1:30:59.2006894 PM","VBoxService.exe","632","CreateFile","C:\Windows\System32\advapi32.dll","SUCCESS","Desired Access: Read Data/List Directory, Execute/Traverse, Synchronize, Disposition: Open, Options: Synchronous IO Non-Alert, Non-Directory File, Attributes: n/a, ShareMode: Read, Delete, AllocationSize: n/a, OpenResult: Opened"
"1:30:59.2008043 PM","VBoxService.exe","632","Load Image","C:\Windows\System32\advapi32.dll","SUCCESS","Image Base: 0x920000, Image Size: 0xa1000"
"1:30:59.2010219 PM","VBoxTray.exe","1956","CreateFile","C:\Windows\System32\advapi32.dll","SUCCESS","Desired Access: Read Attributes, Disposition: Open, Options: Open Reparse Point, Attributes: n/a, ShareMode: Read, Write, Delete, AllocationSize: n/a, OpenResult: Opened"
"1:30:59.2011570 PM","VBoxTray.exe","1956","CreateFile","C:\Windows\System32\advapi32.dll","SUCCESS","Desired Access: Read Attributes, Disposition: Open, Options: Open Reparse Point, Attributes: n/a, ShareMode: Read, Write, Delete, AllocationSize: n/a, OpenResult: Opened"
"1:30:59.2012307 PM","VBoxTray.exe","1956","CreateFile","C:\Windows\System32\advapi32.dll","SUCCESS","Desired Access: Read Data/List Directory, Execute/Traverse, Synchronize, Disposition: Open, Options: Synchronous IO Non-Alert, Non-Directory File, Attributes: n/a, ShareMode: Read, Delete, AllocationSize: n/a, OpenResult: Opened"
"1:30:59.2013297 PM","VBoxTray.exe","1956","Load Image","C:\Windows\System32\advapi32.dll","SUCCESS","Image Base: 0xdb0000, Image Size: 0xa1000"
"1:31:00.0618881 PM","taskhost.exe","1332","CreateFile","C:\Windows\Media\Windows Critical Stop.wav","SUCCESS","Desired Access: Generic Read, Disposition: Open, Options: Synchronous IO Non-Alert, Non-Directory File, Attributes: N, ShareMode: Read, Write, AllocationSize: n/a, OpenResult: Opened"
"1:31:01.0623411 PM","taskhost.exe","1332","CreateFile","C:\Windows\Media\Windows Critical Stop.wav","SUCCESS","Desired Access: Generic Read, Disposition: Open, Options: Synchronous IO Non-Alert, Non-Directory File, Attributes: N, ShareMode: Read, Write, AllocationSize: n/a, OpenResult: Opened"
"1:31:02.0633565 PM","taskhost.exe","1332","CreateFile","C:\Windows\Media\Windows Critical Stop.wav","SUCCESS","Desired Access: Generic Read, Disposition: Open, Options: Synchronous IO Non-Alert, Non-Directory File, Attributes: N, ShareMode: Read, Write, AllocationSize: n/a, OpenResult: Opened"
"1:31:03.0619698 PM","taskhost.exe","1332","CreateFile","C:\Windows\Media\Windows Critical Stop.wav","SUCCESS","Desired Access: Generic Read, Disposition: Open, Options: Synchronous IO Non-Alert, Non-Directory File, Attributes: N, ShareMode: Read, Write, AllocationSize: n/a, OpenResult: Opened"
"1:31:04.0629356 PM","taskhost.exe","1332","CreateFile","C:\Windows\Media\Windows Critical Stop.wav","SUCCESS","Desired Access: Generic Read, Disposition: Open, Options: Synchronous IO Non-Alert, Non-Directory File, Attributes: N, ShareMode: Read, Write, AllocationSize: n/a, OpenResult: Opened"
"1:31:04.2009128 PM","VBoxService.exe","632","CreateFile","C:\Windows\System32\advapi32.dll","SUCCESS","Desired Access: Read Attributes, Disposition: Open, Options: Open Reparse Point, Attributes: n/a, ShareMode: Read, Write, Delete, AllocationSize: n/a, OpenResult: Opened"
"1:31:04.2010411 PM","VBoxService.exe","632","CreateFile","C:\Windows\System32\advapi32.dll","SUCCESS","Desired Access: Read Attributes, Disposition: Open, Options: Open Reparse Point, Attributes: n/a, ShareMode: Read, Write, Delete, AllocationSize: n/a, OpenResult: Opened"
"1:31:04.2011407 PM","VBoxService.exe","632","CreateFile","C:\Windows\System32\advapi32.dll","SUCCESS","Desired Access: Read Data/List Directory, Execute/Traverse, Synchronize, Disposition: Open, Options: Synchronous IO Non-Alert, Non-Directory File, Attributes: n/a, ShareMode: Read, Delete, AllocationSize: n/a, OpenResult: Opened"
"1:31:04.2012625 PM","VBoxService.exe","632","Load Image","C:\Windows\System32\advapi32.dll","SUCCESS","Image Base: 0x920000, Image Size: 0xa1000"
"1:31:04.2014915 PM","VBoxTray.exe","1956","CreateFile","C:\Windows\System32\advapi32.dll","SUCCESS","Desired Access: Read Attributes, Disposition: Open, Options: Open Reparse Point, Attributes: n/a, ShareMode: Read, Write, Delete, AllocationSize: n/a, OpenResult: Opened"
"1:31:04.2016297 PM","VBoxTray.exe","1956","CreateFile","C:\Windows\System32\advapi32.dll","SUCCESS","Desired Access: Read Attributes, Disposition: Open, Options: Open Reparse Point, Attributes: n/a, ShareMode: Read, Write, Delete, AllocationSize: n/a, OpenResult: Opened"
"1:31:04.2017057 PM","VBoxTray.exe","1956","CreateFile","C:\Windows\System32\advapi32.dll","SUCCESS","Desired Access: Read Data/List Directory, Execute/Traverse, Synchronize, Disposition: Open, Options: Synchronous IO Non-Alert, Non-Directory File, Attributes: n/a, ShareMode: Read, Delete, AllocationSize: n/a, OpenResult: Opened"
"1:31:04.2018098 PM","VBoxTray.exe","1956","Load Image","C:\Windows\System32\advapi32.dll","SUCCESS","Image Base: 0xdb0000, Image Size: 0xa1000"
"1:31:05.0621341 PM","taskhost.exe","1332","CreateFile","C:\Windows\Media\Windows Critical Stop.wav","SUCCESS","Desired Access: Generic Read, Disposition: Open, Options: Synchronous IO Non-Alert, Non-Directory File, Attributes: N, ShareMode: Read, Write, AllocationSize: n/a, OpenResult: Opened"
"1:31:06.0621898 PM","taskhost.exe","1332","CreateFile","C:\Windows\Media\Windows Critical Stop.wav","SUCCESS","Desired Access: Generic Read, Disposition: Open, Options: Synchronous IO Non-Alert, Non-Directory File, Attributes: N, ShareMode: Read, Write, AllocationSize: n/a, OpenResult: Opened"
"1:31:07.0623143 PM","taskhost.exe","1332","CreateFile","C:\Windows\Media\Windows Critical Stop.wav","SUCCESS","Desired Access: Generic Read, Disposition: Open, Options: Synchronous IO Non-Alert, Non-Directory File, Attributes: N, ShareMode: Read, Write, AllocationSize: n/a, OpenResult: Opened"
"1:31:08.0621520 PM","taskhost.exe","1332","CreateFile","C:\Windows\Media\Windows Critical Stop.wav","SUCCESS","Desired Access: Generic Read, Disposition: Open, Options: Synchronous IO Non-Alert, Non-Directory File, Attributes: N, ShareMode: Read, Write, AllocationSize: n/a, OpenResult: Opened"
"1:31:09.0622705 PM","taskhost.exe","1332","CreateFile","C:\Windows\Media\Windows Critical Stop.wav","SUCCESS","Desired Access: Generic Read, Disposition: Open, Options: Synchronous IO Non-Alert, Non-Directory File, Attributes: N, ShareMode: Read, Write, AllocationSize: n/a, OpenResult: Opened"
"1:31:09.2008915 PM","VBoxService.exe","632","CreateFile","C:\Windows\System32\advapi32.dll","SUCCESS","Desired Access: Read Attributes, Disposition: Open, Options: Open Reparse Point, Attributes: n/a, ShareMode: Read, Write, Delete, AllocationSize: n/a, OpenResult: Opened"
"1:31:09.2010163 PM","VBoxService.exe","632","CreateFile","C:\Windows\System32\advapi32.dll","SUCCESS","Desired Access: Read Attributes, Disposition: Open, Options: Open Reparse Point, Attributes: n/a, ShareMode: Read, Write, Delete, AllocationSize: n/a, OpenResult: Opened"
"1:31:09.2010904 PM","VBoxService.exe","632","CreateFile","C:\Windows\System32\advapi32.dll","SUCCESS","Desired Access: Read Data/List Directory, Execute/Traverse, Synchronize, Disposition: Open, Options: Synchronous IO Non-Alert, Non-Directory File, Attributes: n/a, ShareMode: Read, Delete, AllocationSize: n/a, OpenResult: Opened"
"1:31:09.2012322 PM","VBoxService.exe","632","Load Image","C:\Windows\System32\advapi32.dll","SUCCESS","Image Base: 0x920000, Image Size: 0xa1000"
"1:31:09.2014714 PM","VBoxTray.exe","1956","CreateFile","C:\Windows\System32\advapi32.dll","SUCCESS","Desired Access: Read Attributes, Disposition: Open, Options: Open Reparse Point, Attributes: n/a, ShareMode: Read, Write, Delete, AllocationSize: n/a, OpenResult: Opened"
"1:31:09.2015845 PM","VBoxTray.exe","1956","CreateFile","C:\Windows\System32\advapi32.dll","SUCCESS","Desired Access: Read Attributes, Disposition: Open, Options: Open Reparse Point, Attributes: n/a, ShareMode: Read, Write, Delete, AllocationSize: n/a, OpenResult: Opened"
"1:31:09.2016636 PM","VBoxTray.exe","1956","CreateFile","C:\Windows\System32\advapi32.dll","SUCCESS","Desired Access: Read Data/List Directory, Execute/Traverse, Synchronize, Disposition: Open, Options: Synchronous IO Non-Alert, Non-Directory File, Attributes: n/a, ShareMode: Read, Delete, AllocationSize: n/a, OpenResult: Opened"
"1:31:09.2017563 PM","VBoxTray.exe","1956","Load Image","C:\Windows\System32\advapi32.dll","SUCCESS","Image Base: 0xdb0000, Image Size: 0xa1000"
"1:31:10.0630295 PM","taskhost.exe","1332","CreateFile","C:\Windows\Media\Windows Critical Stop.wav","SUCCESS","Desired Access: Generic Read, Disposition: Open, Options: Synchronous IO Non-Alert, Non-Directory File, Attributes: N, ShareMode: Read, Write, AllocationSize: n/a, OpenResult: Opened"
"1:31:11.0629290 PM","taskhost.exe","1332","CreateFile","C:\Windows\Media\Windows Critical Stop.wav","SUCCESS","Desired Access: Generic Read, Disposition: Open, Options: Synchronous IO Non-Alert, Non-Directory File, Attributes: N, ShareMode: Read, Write, AllocationSize: n/a, OpenResult: Opened"
"1:31:12.0624920 PM","taskhost.exe","1332","CreateFile","C:\Windows\Media\Windows Critical Stop.wav","SUCCESS","Desired Access: Generic Read, Disposition: Open, Options: Synchronous IO Non-Alert, Non-Directory File, Attributes: N, ShareMode: Read, Write, AllocationSize: n/a, OpenResult: Opened"
"1:31:13.0632541 PM","taskhost.exe","1332","CreateFile","C:\Windows\Media\Windows Critical Stop.wav","SUCCESS","Desired Access: Generic Read, Disposition: Open, Options: Synchronous IO Non-Alert, Non-Directory File, Attributes: N, ShareMode: Read, Write, AllocationSize: n/a, OpenResult: Opened"
"1:31:14.0627058 PM","taskhost.exe","1332","CreateFile","C:\Windows\Media\Windows Critical Stop.wav","SUCCESS","Desired Access: Generic Read, Disposition: Open, Options: Synchronous IO Non-Alert, Non-Directory File, Attributes: N, ShareMode: Read, Write, AllocationSize: n/a, OpenResult: Opened"
"1:31:14.2019640 PM","VBoxService.exe","632","CreateFile","C:\Windows\System32\advapi32.dll","SUCCESS","Desired Access: Read Attributes, Disposition: Open, Options: Open Reparse Point, Attributes: n/a, ShareMode: Read, Write, Delete, AllocationSize: n/a, OpenResult: Opened"
"1:31:14.2020893 PM","VBoxService.exe","632","CreateFile","C:\Windows\System32\advapi32.dll","SUCCESS","Desired Access: Read Attributes, Disposition: Open, Options: Open Reparse Point, Attributes: n/a, ShareMode: Read, Write, Delete, AllocationSize: n/a, OpenResult: Opened"
"1:31:14.2021637 PM","VBoxService.exe","632","CreateFile","C:\Windows\System32\advapi32.dll","SUCCESS","Desired Access: Read Data/List Directory, Execute/Traverse, Synchronize, Disposition: Open, Options: Synchronous IO Non-Alert, Non-Directory File, Attributes: n/a, ShareMode: Read, Delete, AllocationSize: n/a, OpenResult: Opened"
"1:31:14.2022794 PM","VBoxService.exe","632","Load Image","C:\Windows\System32\advapi32.dll","SUCCESS","Image Base: 0x920000, Image Size: 0xa1000"
"1:31:14.2024989 PM","VBoxTray.exe","1956","CreateFile","C:\Windows\System32\advapi32.dll","SUCCESS","Desired Access: Read Attributes, Disposition: Open, Options: Open Reparse Point, Attributes: n/a, ShareMode: Read, Write, Delete, AllocationSize: n/a, OpenResult: Opened"
"1:31:14.2026175 PM","VBoxTray.exe","1956","CreateFile","C:\Windows\System32\advapi32.dll","SUCCESS","Desired Access: Read Attributes, Disposition: Open, Options: Open Reparse Point, Attributes: n/a, ShareMode: Read, Write, Delete, AllocationSize: n/a, OpenResult: Opened"
"1:31:14.2026900 PM","VBoxTray.exe","1956","CreateFile","C:\Windows\System32\advapi32.dll","SUCCESS","Desired Access: Read Data/List Directory, Execute/Traverse, Synchronize, Disposition: Open, Options: Synchronous IO Non-Alert, Non-Directory File, Attributes: n/a, ShareMode: Read, Delete, AllocationSize: n/a, OpenResult: Opened"
"1:31:14.2027804 PM","VBoxTray.exe","1956","Load Image","C:\Windows\System32\advapi32.dll","SUCCESS","Image Base: 0xdb0000, Image Size: 0xa1000"
"1:31:15.0636931 PM","taskhost.exe","1332","CreateFile","C:\Windows\Media\Windows Critical Stop.wav","SUCCESS","Desired Access: Generic Read, Disposition: Open, Options: Synchronous IO Non-Alert, Non-Directory File, Attributes: N, ShareMode: Read, Write, AllocationSize: n/a, OpenResult: Opened"
"1:31:16.0626221 PM","taskhost.exe","1332","CreateFile","C:\Windows\Media\Windows Critical Stop.wav","SUCCESS","Desired Access: Generic Read, Disposition: Open, Options: Synchronous IO Non-Alert, Non-Directory File, Attributes: N, ShareMode: Read, Write, AllocationSize: n/a, OpenResult: Opened"
"1:31:17.0626001 PM","taskhost.exe","1332","CreateFile","C:\Windows\Media\Windows Critical Stop.wav","SUCCESS","Desired Access: Generic Read, Disposition: Open, Options: Synchronous IO Non-Alert, Non-Directory File, Attributes: N, ShareMode: Read, Write, AllocationSize: n/a, OpenResult: Opened"
"1:31:18.0629790 PM","taskhost.exe","1332","CreateFile","C:\Windows\Media\Windows Critical Stop.wav","SUCCESS","Desired Access: Generic Read, Disposition: Open, Options: Synchronous IO Non-Alert, Non-Directory File, Attributes: N, ShareMode: Read, Write, AllocationSize: n/a, OpenResult: Opened"
"1:31:19.0619923 PM","taskhost.exe","1332","CreateFile","C:\Windows\Media\Windows Critical Stop.wav","SUCCESS","Desired Access: Generic Read, Disposition: Open, Options: Synchronous IO Non-Alert, Non-Directory File, Attributes: N, ShareMode: Read, Write, AllocationSize: n/a, OpenResult: Opened"
"1:31:19.2006139 PM","VBoxService.exe","632","CreateFile","C:\Windows\System32\advapi32.dll","SUCCESS","Desired Access: Read Attributes, Disposition: Open, Options: Open Reparse Point, Attributes: n/a, ShareMode: Read, Write, Delete, AllocationSize: n/a, OpenResult: Opened"
"1:31:19.2007739 PM","VBoxService.exe","632","CreateFile","C:\Windows\System32\advapi32.dll","SUCCESS","Desired Access: Read Attributes, Disposition: Open, Options: Open Reparse Point, Attributes: n/a, ShareMode: Read, Write, Delete, AllocationSize: n/a, OpenResult: Opened"
"1:31:19.2008628 PM","VBoxService.exe","632","CreateFile","C:\Windows\System32\advapi32.dll","SUCCESS","Desired Access: Read Data/List Directory, Execute/Traverse, Synchronize, Disposition: Open, Options: Synchronous IO Non-Alert, Non-Directory File, Attributes: n/a, ShareMode: Read, Delete, AllocationSize: n/a, OpenResult: Opened"
"1:31:19.2009777 PM","VBoxService.exe","632","Load Image","C:\Windows\System32\advapi32.dll","SUCCESS","Image Base: 0x920000, Image Size: 0xa1000"
"1:31:19.2011957 PM","VBoxTray.exe","1956","CreateFile","C:\Windows\System32\advapi32.dll","SUCCESS","Desired Access: Read Attributes, Disposition: Open, Options: Open Reparse Point, Attributes: n/a, ShareMode: Read, Write, Delete, AllocationSize: n/a, OpenResult: Opened"
"1:31:19.2013278 PM","VBoxTray.exe","1956","CreateFile","C:\Windows\System32\advapi32.dll","SUCCESS","Desired Access: Read Attributes, Disposition: Open, Options: Open Reparse Point, Attributes: n/a, ShareMode: Read, Write, Delete, AllocationSize: n/a, OpenResult: Opened"
"1:31:19.2014026 PM","VBoxTray.exe","1956","CreateFile","C:\Windows\System32\advapi32.dll","SUCCESS","Desired Access: Read Data/List Directory, Execute/Traverse, Synchronize, Disposition: Open, Options: Synchronous IO Non-Alert, Non-Directory File, Attributes: n/a, ShareMode: Read, Delete, AllocationSize: n/a, OpenResult: Opened"
"1:31:19.2014974 PM","VBoxTray.exe","1956","Load Image","C:\Windows\System32\advapi32.dll","SUCCESS","Image Base: 0xdb0000, Image Size: 0xa1000"
"1:31:20.0626984 PM","taskhost.exe","1332","CreateFile","C:\Windows\Media\Windows Critical Stop.wav","SUCCESS","Desired Access: Generic Read, Disposition: Open, Options: Synchronous IO Non-Alert, Non-Directory File, Attributes: N, ShareMode: Read, Write, AllocationSize: n/a, OpenResult: Opened"
"1:31:21.0623946 PM","taskhost.exe","1332","CreateFile","C:\Windows\Media\Windows Critical Stop.wav","SUCCESS","Desired Access: Generic Read, Disposition: Open, Options: Synchronous IO Non-Alert, Non-Directory File, Attributes: N, ShareMode: Read, Write, AllocationSize: n/a, OpenResult: Opened"
"1:31:22.0625700 PM","taskhost.exe","1332","CreateFile","C:\Windows\Media\Windows Critical Stop.wav","SUCCESS","Desired Access: Generic Read, Disposition: Open, Options: Synchronous IO Non-Alert, Non-Directory File, Attributes: N, ShareMode: Read, Write, AllocationSize: n/a, OpenResult: Opened"
"1:31:23.0627152 PM","taskhost.exe","1332","CreateFile","C:\Windows\Media\Windows Critical Stop.wav","SUCCESS","Desired Access: Generic Read, Disposition: Open, Options: Synchronous IO Non-Alert, Non-Directory File, Attributes: N, ShareMode: Read, Write, AllocationSize: n/a, OpenResult: Opened"
"1:31:24.0629564 PM","taskhost.exe","1332","CreateFile","C:\Windows\Media\Windows Critical Stop.wav","SUCCESS","Desired Access: Generic Read, Disposition: Open, Options: Synchronous IO Non-Alert, Non-Directory File, Attributes: N, ShareMode: Read, Write, AllocationSize: n/a, OpenResult: Opened"
"1:31:24.2015955 PM","VBoxService.exe","632","CreateFile","C:\Windows\System32\advapi32.dll","SUCCESS","Desired Access: Read Attributes, Disposition: Open, Options: Open Reparse Point, Attributes: n/a, ShareMode: Read, Write, Delete, AllocationSize: n/a, OpenResult: Opened"
"1:31:24.2017197 PM","VBoxService.exe","632","CreateFile","C:\Windows\System32\advapi32.dll","SUCCESS","Desired Access: Read Attributes, Disposition: Open, Options: Open Reparse Point, Attributes: n/a, ShareMode: Read, Write, Delete, AllocationSize: n/a, OpenResult: Opened"
"1:31:24.2017942 PM","VBoxService.exe","632","CreateFile","C:\Windows\System32\advapi32.dll","SUCCESS","Desired Access: Read Data/List Directory, Execute/Traverse, Synchronize, Disposition: Open, Options: Synchronous IO Non-Alert, Non-Directory File, Attributes: n/a, ShareMode: Read, Delete, AllocationSize: n/a, OpenResult: Opened"
"1:31:24.2019171 PM","VBoxService.exe","632","Load Image","C:\Windows\System32\advapi32.dll","SUCCESS","Image Base: 0x920000, Image Size: 0xa1000"
"1:31:24.2021527 PM","VBoxTray.exe","1956","CreateFile","C:\Windows\System32\advapi32.dll","SUCCESS","Desired Access: Read Attributes, Disposition: Open, Options: Open Reparse Point, Attributes: n/a, ShareMode: Read, Write, Delete, AllocationSize: n/a, OpenResult: Opened"
"1:31:24.2022677 PM","VBoxTray.exe","1956","CreateFile","C:\Windows\System32\advapi32.dll","SUCCESS","Desired Access: Read Attributes, Disposition: Open, Options: Open Reparse Point, Attributes: n/a, ShareMode: Read, Write, Delete, AllocationSize: n/a, OpenResult: Opened"
"1:31:24.2023396 PM","VBoxTray.exe","1956","CreateFile","C:\Windows\System32\advapi32.dll","SUCCESS","Desired Access: Read Data/List Directory, Execute/Traverse, Synchronize, Disposition: Open, Options: Synchronous IO Non-Alert, Non-Directory File, Attributes: n/a, ShareMode: Read, Delete, AllocationSize: n/a, OpenResult: Opened"
"1:31:24.2024338 PM","VBoxTray.exe","1956","Load Image","C:\Windows\System32\advapi32.dll","SUCCESS","Image Base: 0xdb0000, Image Size: 0xa1000"
"1:31:25.0633080 PM","taskhost.exe","1332","CreateFile","C:\Windows\Media\Windows Critical Stop.wav","SUCCESS","Desired Access: Generic Read, Disposition: Open, Options: Synchronous IO Non-Alert, Non-Directory File, Attributes: N, ShareMode: Read, Write, AllocationSize: n/a, OpenResult: Opened"
"1:31:26.0622873 PM","taskhost.exe","1332","CreateFile","C:\Windows\Media\Windows Critical Stop.wav","SUCCESS","Desired Access: Generic Read, Disposition: Open, Options: Synchronous IO Non-Alert, Non-Directory File, Attributes: N, ShareMode: Read, Write, AllocationSize: n/a, OpenResult: Opened"
"1:31:27.0626771 PM","taskhost.exe","1332","CreateFile","C:\Windows\Media\Windows Critical Stop.wav","SUCCESS","Desired Access: Generic Read, Disposition: Open, Options: Synchronous IO Non-Alert, Non-Directory File, Attributes: N, ShareMode: Read, Write, AllocationSize: n/a, OpenResult: Opened"
"1:31:28.0633397 PM","taskhost.exe","1332","CreateFile","C:\Windows\Media\Windows Critical Stop.wav","SUCCESS","Desired Access: Generic Read, Disposition: Open, Options: Synchronous IO Non-Alert, Non-Directory File, Attributes: N, ShareMode: Read, Write, AllocationSize: n/a, OpenResult: Opened"
"1:31:29.0624824 PM","taskhost.exe","1332","CreateFile","C:\Windows\Media\Windows Critical Stop.wav","SUCCESS","Desired Access: Generic Read, Disposition: Open, Options: Synchronous IO Non-Alert, Non-Directory File, Attributes: N, ShareMode: Read, Write, AllocationSize: n/a, OpenResult: Opened"
"1:31:29.2012486 PM","VBoxService.exe","632","CreateFile","C:\Windows\System32\advapi32.dll","SUCCESS","Desired Access: Read Attributes, Disposition: Open, Options: Open Reparse Point, Attributes: n/a, ShareMode: Read, Write, Delete, AllocationSize: n/a, OpenResult: Opened"
"1:31:29.2013730 PM","VBoxService.exe","632","CreateFile","C:\Windows\System32\advapi32.dll","SUCCESS","Desired Access: Read Attributes, Disposition: Open, Options: Open Reparse Point, Attributes: n/a, ShareMode: Read, Write, Delete, AllocationSize: n/a, OpenResult: Opened"
"1:31:29.2014712 PM","VBoxService.exe","632","CreateFile","C:\Windows\System32\advapi32.dll","SUCCESS","Desired Access: Read Data/List Directory, Execute/Traverse, Synchronize, Disposition: Open, Options: Synchronous IO Non-Alert, Non-Directory File, Attributes: n/a, ShareMode: Read, Delete, AllocationSize: n/a, OpenResult: Opened"
"1:31:29.2015874 PM","VBoxService.exe","632","Load Image","C:\Windows\System32\advapi32.dll","SUCCESS","Image Base: 0x920000, Image Size: 0xa1000"
"1:31:29.2018128 PM","VBoxTray.exe","1956","CreateFile","C:\Windows\System32\advapi32.dll","SUCCESS","Desired Access: Read Attributes, Disposition: Open, Options: Open Reparse Point, Attributes: n/a, ShareMode: Read, Write, Delete, AllocationSize: n/a, OpenResult: Opened"
"1:31:29.2019257 PM","VBoxTray.exe","1956","CreateFile","C:\Windows\System32\advapi32.dll","SUCCESS","Desired Access: Read Attributes, Disposition: Open, Options: Open Reparse Point, Attributes: n/a, ShareMode: Read, Write, Delete, AllocationSize: n/a, OpenResult: Opened"
"1:31:29.2019977 PM","VBoxTray.exe","1956","CreateFile","C:\Windows\System32\advapi32.dll","SUCCESS","Desired Access: Read Data/List Directory, Execute/Traverse, Synchronize, Disposition: Open, Options: Synchronous IO Non-Alert, Non-Directory File, Attributes: n/a, ShareMode: Read, Delete, AllocationSize: n/a, OpenResult: Opened"
"1:31:29.2020888 PM","VBoxTray.exe","1956","Load Image","C:\Windows\System32\advapi32.dll","SUCCESS","Image Base: 0xdb0000, Image Size: 0xa1000"
"1:31:30.0624786 PM","taskhost.exe","1332","CreateFile","C:\Windows\Media\Windows Critical Stop.wav","SUCCESS","Desired Access: Generic Read, Disposition: Open, Options: Synchronous IO Non-Alert, Non-Directory File, Attributes: N, ShareMode: Read, Write, AllocationSize: n/a, OpenResult: Opened"
"1:31:30.5281797 PM","svchost.exe","820","CreateFile","C:\Windows\CSC\v2.0.6\namespace","SUCCESS","Desired Access: Read Data/List Directory, Synchronize, Disposition: Open, Options: Synchronous IO Non-Alert, Open By ID, Attributes: n/a, ShareMode: Read, Write, Delete, AllocationSize: n/a, Impersonating: IE8WIN7\IEUser, OpenResult: Opened"
"1:31:30.5283201 PM","svchost.exe","820","CreateFile","\\.\.\","SUCCESS","Desired Access: Read Data/List Directory, Synchronize, Disposition: Open, Options: Directory, Synchronous IO Non-Alert, Attributes: n/a, ShareMode: Read, Write, Delete, AllocationSize: n/a, Impersonating: IE8WIN7\IEUser, OpenResult: Opened"
"1:31:30.5284248 PM","svchost.exe","820","CreateFile","C:\Windows\CSC\v2.0.6\namespace","SUCCESS","Desired Access: Read Data/List Directory, Synchronize, Disposition: Open, Options: Synchronous IO Non-Alert, Open By ID, Attributes: n/a, ShareMode: Read, Write, Delete, AllocationSize: n/a, Impersonating: IE8WIN7\IEUser, OpenResult: Opened"
"1:31:30.5286211 PM","svchost.exe","820","CreateFile","C:\Windows\CSC\v2.0.6\namespace","SUCCESS","Desired Access: Read Data/List Directory, Synchronize, Disposition: Open, Options: Synchronous IO Non-Alert, Open By ID, Attributes: n/a, ShareMode: Read, Write, Delete, AllocationSize: n/a, Impersonating: IE8WIN7\IEUser, OpenResult: Opened"
"1:31:31.0625246 PM","taskhost.exe","1332","CreateFile","C:\Windows\Media\Windows Critical Stop.wav","SUCCESS","Desired Access: Generic Read, Disposition: Open, Options: Synchronous IO Non-Alert, Non-Directory File, Attributes: N, ShareMode: Read, Write, AllocationSize: n/a, OpenResult: Opened"
"1:31:32.0629892 PM","taskhost.exe","1332","CreateFile","C:\Windows\Media\Windows Critical Stop.wav","SUCCESS","Desired Access: Generic Read, Disposition: Open, Options: Synchronous IO Non-Alert, Non-Directory File, Attributes: N, ShareMode: Read, Write, AllocationSize: n/a, OpenResult: Opened"
"1:31:33.0630040 PM","taskhost.exe","1332","CreateFile","C:\Windows\Media\Windows Critical Stop.wav","SUCCESS","Desired Access: Generic Read, Disposition: Open, Options: Synchronous IO Non-Alert, Non-Directory File, Attributes: N, ShareMode: Read, Write, AllocationSize: n/a, OpenResult: Opened"
"1:31:34.0628660 PM","taskhost.exe","1332","CreateFile","C:\Windows\Media\Windows Critical Stop.wav","SUCCESS","Desired Access: Generic Read, Disposition: Open, Options: Synchronous IO Non-Alert, Non-Directory File, Attributes: N, ShareMode: Read, Write, AllocationSize: n/a, OpenResult: Opened"
"1:31:34.2010212 PM","VBoxService.exe","632","CreateFile","C:\Windows\System32\advapi32.dll","SUCCESS","Desired Access: Read Attributes, Disposition: Open, Options: Open Reparse Point, Attributes: n/a, ShareMode: Read, Write, Delete, AllocationSize: n/a, OpenResult: Opened"
"1:31:34.2011658 PM","VBoxService.exe","632","CreateFile","C:\Windows\System32\advapi32.dll","SUCCESS","Desired Access: Read Attributes, Disposition: Open, Options: Open Reparse Point, Attributes: n/a, ShareMode: Read, Write, Delete, AllocationSize: n/a, OpenResult: Opened"
"1:31:34.2012416 PM","VBoxService.exe","632","CreateFile","C:\Windows\System32\advapi32.dll","SUCCESS","Desired Access: Read Data/List Directory, Execute/Traverse, Synchronize, Disposition: Open, Options: Synchronous IO Non-Alert, Non-Directory File, Attributes: n/a, ShareMode: Read, Delete, AllocationSize: n/a, OpenResult: Opened"
"1:31:34.2013568 PM","VBoxService.exe","632","Load Image","C:\Windows\System32\advapi32.dll","SUCCESS","Image Base: 0x920000, Image Size: 0xa1000"
"1:31:34.2015760 PM","VBoxTray.exe","1956","CreateFile","C:\Windows\System32\advapi32.dll","SUCCESS","Desired Access: Read Attributes, Disposition: Open, Options: Open Reparse Point, Attributes: n/a, ShareMode: Read, Write, Delete, AllocationSize: n/a, OpenResult: Opened"
"1:31:34.2017172 PM","VBoxTray.exe","1956","CreateFile","C:\Windows\System32\advapi32.dll","SUCCESS","Desired Access: Read Attributes, Disposition: Open, Options: Open Reparse Point, Attributes: n/a, ShareMode: Read, Write, Delete, AllocationSize: n/a, OpenResult: Opened"
"1:31:34.2017904 PM","VBoxTray.exe","1956","CreateFile","C:\Windows\System32\advapi32.dll","SUCCESS","Desired Access: Read Data/List Directory, Execute/Traverse, Synchronize, Disposition: Open, Options: Synchronous IO Non-Alert, Non-Directory File, Attributes: n/a, ShareMode: Read, Delete, AllocationSize: n/a, OpenResult: Opened"
"1:31:34.2018843 PM","VBoxTray.exe","1956","Load Image","C:\Windows\System32\advapi32.dll","SUCCESS","Image Base: 0xdb0000, Image Size: 0xa1000"
"1:31:35.0629251 PM","taskhost.exe","1332","CreateFile","C:\Windows\Media\Windows Critical Stop.wav","SUCCESS","Desired Access: Generic Read, Disposition: Open, Options: Synchronous IO Non-Alert, Non-Directory File, Attributes: N, ShareMode: Read, Write, AllocationSize: n/a, OpenResult: Opened"
"1:31:36.0627284 PM","taskhost.exe","1332","CreateFile","C:\Windows\Media\Windows Critical Stop.wav","SUCCESS","Desired Access: Generic Read, Disposition: Open, Options: Synchronous IO Non-Alert, Non-Directory File, Attributes: N, ShareMode: Read, Write, AllocationSize: n/a, OpenResult: Opened"
"1:31:37.0632236 PM","taskhost.exe","1332","CreateFile","C:\Windows\Media\Windows Critical Stop.wav","SUCCESS","Desired Access: Generic Read, Disposition: Open, Options: Synchronous IO Non-Alert, Non-Directory File, Attributes: N, ShareMode: Read, Write, AllocationSize: n/a, OpenResult: Opened"
"1:31:38.0623129 PM","taskhost.exe","1332","CreateFile","C:\Windows\Media\Windows Critical Stop.wav","SUCCESS","Desired Access: Generic Read, Disposition: Open, Options: Synchronous IO Non-Alert, Non-Directory File, Attributes: N, ShareMode: Read, Write, AllocationSize: n/a, OpenResult: Opened"
"1:31:39.0627537 PM","taskhost.exe","1332","CreateFile","C:\Windows\Media\Windows Critical Stop.wav","SUCCESS","Desired Access: Generic Read, Disposition: Open, Options: Synchronous IO Non-Alert, Non-Directory File, Attributes: N, ShareMode: Read, Write, AllocationSize: n/a, OpenResult: Opened"
"1:31:39.2016918 PM","VBoxService.exe","632","CreateFile","C:\Windows\System32\advapi32.dll","SUCCESS","Desired Access: Read Attributes, Disposition: Open, Options: Open Reparse Point, Attributes: n/a, ShareMode: Read, Write, Delete, AllocationSize: n/a, OpenResult: Opened"
"1:31:39.2018521 PM","VBoxService.exe","632","CreateFile","C:\Windows\System32\advapi32.dll","SUCCESS","Desired Access: Read Attributes, Disposition: Open, Options: Open Reparse Point, Attributes: n/a, ShareMode: Read, Write, Delete, AllocationSize: n/a, OpenResult: Opened"
"1:31:39.2019415 PM","VBoxService.exe","632","CreateFile","C:\Windows\System32\advapi32.dll","SUCCESS","Desired Access: Read Data/List Directory, Execute/Traverse, Synchronize, Disposition: Open, Options: Synchronous IO Non-Alert, Non-Directory File, Attributes: n/a, ShareMode: Read, Delete, AllocationSize: n/a, OpenResult: Opened"
"1:31:39.2020567 PM","VBoxService.exe","632","Load Image","C:\Windows\System32\advapi32.dll","SUCCESS","Image Base: 0x920000, Image Size: 0xa1000"
"1:31:39.2022945 PM","VBoxTray.exe","1956","CreateFile","C:\Windows\System32\advapi32.dll","SUCCESS","Desired Access: Read Attributes, Disposition: Open, Options: Open Reparse Point, Attributes: n/a, ShareMode: Read, Write, Delete, AllocationSize: n/a, OpenResult: Opened"
"1:31:39.2024271 PM","VBoxTray.exe","1956","CreateFile","C:\Windows\System32\advapi32.dll","SUCCESS","Desired Access: Read Attributes, Disposition: Open, Options: Open Reparse Point, Attributes: n/a, ShareMode: Read, Write, Delete, AllocationSize: n/a, OpenResult: Opened"
"1:31:39.2025000 PM","VBoxTray.exe","1956","CreateFile","C:\Windows\System32\advapi32.dll","SUCCESS","Desired Access: Read Data/List Directory, Execute/Traverse, Synchronize, Disposition: Open, Options: Synchronous IO Non-Alert, Non-Directory File, Attributes: n/a, ShareMode: Read, Delete, AllocationSize: n/a, OpenResult: Opened"
"1:31:39.2026123 PM","VBoxTray.exe","1956","Load Image","C:\Windows\System32\advapi32.dll","SUCCESS","Image Base: 0xdb0000, Image Size: 0xa1000"
"1:31:40.0622013 PM","taskhost.exe","1332","CreateFile","C:\Windows\Media\Windows Critical Stop.wav","SUCCESS","Desired Access: Generic Read, Disposition: Open, Options: Synchronous IO Non-Alert, Non-Directory File, Attributes: N, ShareMode: Read, Write, AllocationSize: n/a, OpenResult: Opened"
"1:31:41.0626250 PM","taskhost.exe","1332","CreateFile","C:\Windows\Media\Windows Critical Stop.wav","SUCCESS","Desired Access: Generic Read, Disposition: Open, Options: Synchronous IO Non-Alert, Non-Directory File, Attributes: N, ShareMode: Read, Write, AllocationSize: n/a, OpenResult: Opened"
"1:31:42.0635219 PM","taskhost.exe","1332","CreateFile","C:\Windows\Media\Windows Critical Stop.wav","SUCCESS","Desired Access: Generic Read, Disposition: Open, Options: Synchronous IO Non-Alert, Non-Directory File, Attributes: N, ShareMode: Read, Write, AllocationSize: n/a, OpenResult: Opened"
"1:31:43.0624145 PM","taskhost.exe","1332","CreateFile","C:\Windows\Media\Windows Critical Stop.wav","SUCCESS","Desired Access: Generic Read, Disposition: Open, Options: Synchronous IO Non-Alert, Non-Directory File, Attributes: N, ShareMode: Read, Write, AllocationSize: n/a, OpenResult: Opened"
"1:31:44.0633685 PM","taskhost.exe","1332","CreateFile","C:\Windows\Media\Windows Critical Stop.wav","SUCCESS","Desired Access: Generic Read, Disposition: Open, Options: Synchronous IO Non-Alert, Non-Directory File, Attributes: N, ShareMode: Read, Write, AllocationSize: n/a, OpenResult: Opened"
"1:31:44.2013699 PM","VBoxService.exe","632","CreateFile","C:\Windows\System32\advapi32.dll","SUCCESS","Desired Access: Read Attributes, Disposition: Open, Options: Open Reparse Point, Attributes: n/a, ShareMode: Read, Write, Delete, AllocationSize: n/a, OpenResult: Opened"
"1:31:44.2014939 PM","VBoxService.exe","632","CreateFile","C:\Windows\System32\advapi32.dll","SUCCESS","Desired Access: Read Attributes, Disposition: Open, Options: Open Reparse Point, Attributes: n/a, ShareMode: Read, Write, Delete, AllocationSize: n/a, OpenResult: Opened"
"1:31:44.2015677 PM","VBoxService.exe","632","CreateFile","C:\Windows\System32\advapi32.dll","SUCCESS","Desired Access: Read Data/List Directory, Execute/Traverse, Synchronize, Disposition: Open, Options: Synchronous IO Non-Alert, Non-Directory File, Attributes: n/a, ShareMode: Read, Delete, AllocationSize: n/a, OpenResult: Opened"
"1:31:44.2016826 PM","VBoxService.exe","632","Load Image","C:\Windows\System32\advapi32.dll","SUCCESS","Image Base: 0x920000, Image Size: 0xa1000"
"1:31:44.2018974 PM","VBoxTray.exe","1956","CreateFile","C:\Windows\System32\advapi32.dll","SUCCESS","Desired Access: Read Attributes, Disposition: Open, Options: Open Reparse Point, Attributes: n/a, ShareMode: Read, Write, Delete, AllocationSize: n/a, OpenResult: Opened"
"1:31:44.2020280 PM","VBoxTray.exe","1956","CreateFile","C:\Windows\System32\advapi32.dll","SUCCESS","Desired Access: Read Attributes, Disposition: Open, Options: Open Reparse Point, Attributes: n/a, ShareMode: Read, Write, Delete, AllocationSize: n/a, OpenResult: Opened"
"1:31:44.2021048 PM","VBoxTray.exe","1956","CreateFile","C:\Windows\System32\advapi32.dll","SUCCESS","Desired Access: Read Data/List Directory, Execute/Traverse, Synchronize, Disposition: Open, Options: Synchronous IO Non-Alert, Non-Directory File, Attributes: n/a, ShareMode: Read, Delete, AllocationSize: n/a, OpenResult: Opened"
"1:31:44.2021987 PM","VBoxTray.exe","1956","Load Image","C:\Windows\System32\advapi32.dll","SUCCESS","Image Base: 0xdb0000, Image Size: 0xa1000"
"1:31:45.0624760 PM","taskhost.exe","1332","CreateFile","C:\Windows\Media\Windows Critical Stop.wav","SUCCESS","Desired Access: Generic Read, Disposition: Open, Options: Synchronous IO Non-Alert, Non-Directory File, Attributes: N, ShareMode: Read, Write, AllocationSize: n/a, OpenResult: Opened"
"1:31:46.0626266 PM","taskhost.exe","1332","CreateFile","C:\Windows\Media\Windows Critical Stop.wav","SUCCESS","Desired Access: Generic Read, Disposition: Open, Options: Synchronous IO Non-Alert, Non-Directory File, Attributes: N, ShareMode: Read, Write, AllocationSize: n/a, OpenResult: Opened"
"1:31:47.0633054 PM","taskhost.exe","1332","CreateFile","C:\Windows\Media\Windows Critical Stop.wav","SUCCESS","Desired Access: Generic Read, Disposition: Open, Options: Synchronous IO Non-Alert, Non-Directory File, Attributes: N, ShareMode: Read, Write, AllocationSize: n/a, OpenResult: Opened"
"1:31:48.0628785 PM","taskhost.exe","1332","CreateFile","C:\Windows\Media\Windows Critical Stop.wav","SUCCESS","Desired Access: Generic Read, Disposition: Open, Options: Synchronous IO Non-Alert, Non-Directory File, Attributes: N, ShareMode: Read, Write, AllocationSize: n/a, OpenResult: Opened"
"1:31:48.8404446 PM","svchost.exe","820","CreateFile","C:\Windows\CSC\v2.0.6\namespace","SUCCESS","Desired Access: Read Data/List Directory, Synchronize, Disposition: Open, Options: Synchronous IO Non-Alert, Open By ID, Attributes: n/a, ShareMode: Read, Write, Delete, AllocationSize: n/a, OpenResult: Opened"
"1:31:48.8405784 PM","svchost.exe","820","CreateFile","\\.\.\","SUCCESS","Desired Access: Generic Read, Disposition: Open, Options: Directory, Synchronous IO Non-Alert, Attributes: n/a, ShareMode: Read, Write, Delete, AllocationSize: n/a, OpenResult: Opened"
"1:31:48.8406781 PM","svchost.exe","820","CreateFile","C:\Windows\CSC\v2.0.6\namespace","SUCCESS","Desired Access: Read Data/List Directory, Synchronize, Disposition: Open, Options: Synchronous IO Non-Alert, Open By ID, Attributes: n/a, ShareMode: Read, Write, Delete, AllocationSize: n/a, OpenResult: Opened"
"1:31:49.0624553 PM","taskhost.exe","1332","CreateFile","C:\Windows\Media\Windows Critical Stop.wav","SUCCESS","Desired Access: Generic Read, Disposition: Open, Options: Synchronous IO Non-Alert, Non-Directory File, Attributes: N, ShareMode: Read, Write, AllocationSize: n/a, OpenResult: Opened"
"1:31:49.2011801 PM","VBoxService.exe","632","CreateFile","C:\Windows\System32\advapi32.dll","SUCCESS","Desired Access: Read Attributes, Disposition: Open, Options: Open Reparse Point, Attributes: n/a, ShareMode: Read, Write, Delete, AllocationSize: n/a, OpenResult: Opened"
"1:31:49.2013269 PM","VBoxService.exe","632","CreateFile","C:\Windows\System32\advapi32.dll","SUCCESS","Desired Access: Read Attributes, Disposition: Open, Options: Open Reparse Point, Attributes: n/a, ShareMode: Read, Write, Delete, AllocationSize: n/a, OpenResult: Opened"
"1:31:49.2014177 PM","VBoxService.exe","632","CreateFile","C:\Windows\System32\advapi32.dll","SUCCESS","Desired Access: Read Data/List Directory, Execute/Traverse, Synchronize, Disposition: Open, Options: Synchronous IO Non-Alert, Non-Directory File, Attributes: n/a, ShareMode: Read, Delete, AllocationSize: n/a, OpenResult: Opened"
"1:31:49.2015339 PM","VBoxService.exe","632","Load Image","C:\Windows\System32\advapi32.dll","SUCCESS","Image Base: 0x920000, Image Size: 0xa1000"
"1:31:49.2017532 PM","VBoxTray.exe","1956","CreateFile","C:\Windows\System32\advapi32.dll","SUCCESS","Desired Access: Read Attributes, Disposition: Open, Options: Open Reparse Point, Attributes: n/a, ShareMode: Read, Write, Delete, AllocationSize: n/a, OpenResult: Opened"
"1:31:49.2018660 PM","VBoxTray.exe","1956","CreateFile","C:\Windows\System32\advapi32.dll","SUCCESS","Desired Access: Read Attributes, Disposition: Open, Options: Open Reparse Point, Attributes: n/a, ShareMode: Read, Write, Delete, AllocationSize: n/a, OpenResult: Opened"
"1:31:49.2019375 PM","VBoxTray.exe","1956","CreateFile","C:\Windows\System32\advapi32.dll","SUCCESS","Desired Access: Read Data/List Directory, Execute/Traverse, Synchronize, Disposition: Open, Options: Synchronous IO Non-Alert, Non-Directory File, Attributes: n/a, ShareMode: Read, Delete, AllocationSize: n/a, OpenResult: Opened"
"1:31:49.2020343 PM","VBoxTray.exe","1956","Load Image","C:\Windows\System32\advapi32.dll","SUCCESS","Image Base: 0xdb0000, Image Size: 0xa1000"
"1:31:50.0631446 PM","taskhost.exe","1332","CreateFile","C:\Windows\Media\Windows Critical Stop.wav","SUCCESS","Desired Access: Generic Read, Disposition: Open, Options: Synchronous IO Non-Alert, Non-Directory File, Attributes: N, ShareMode: Read, Write, AllocationSize: n/a, OpenResult: Opened"
"1:31:51.0629373 PM","taskhost.exe","1332","CreateFile","C:\Windows\Media\Windows Critical Stop.wav","SUCCESS","Desired Access: Generic Read, Disposition: Open, Options: Synchronous IO Non-Alert, Non-Directory File, Attributes: N, ShareMode: Read, Write, AllocationSize: n/a, OpenResult: Opened"
"1:31:52.0629651 PM","taskhost.exe","1332","CreateFile","C:\Windows\Media\Windows Critical Stop.wav","SUCCESS","Desired Access: Generic Read, Disposition: Open, Options: Synchronous IO Non-Alert, Non-Directory File, Attributes: N, ShareMode: Read, Write, AllocationSize: n/a, OpenResult: Opened"
"1:31:53.0626053 PM","taskhost.exe","1332","CreateFile","C:\Windows\Media\Windows Critical Stop.wav","SUCCESS","Desired Access: Generic Read, Disposition: Open, Options: Synchronous IO Non-Alert, Non-Directory File, Attributes: N, ShareMode: Read, Write, AllocationSize: n/a, OpenResult: Opened"
"1:31:54.0624821 PM","taskhost.exe","1332","CreateFile","C:\Windows\Media\Windows Critical Stop.wav","SUCCESS","Desired Access: Generic Read, Disposition: Open, Options: Synchronous IO Non-Alert, Non-Directory File, Attributes: N, ShareMode: Read, Write, AllocationSize: n/a, OpenResult: Opened"
"1:31:54.2012165 PM","VBoxService.exe","632","CreateFile","C:\Windows\System32\advapi32.dll","SUCCESS","Desired Access: Read Attributes, Disposition: Open, Options: Open Reparse Point, Attributes: n/a, ShareMode: Read, Write, Delete, AllocationSize: n/a, OpenResult: Opened"
"1:31:54.2013404 PM","VBoxService.exe","632","CreateFile","C:\Windows\System32\advapi32.dll","SUCCESS","Desired Access: Read Attributes, Disposition: Open, Options: Open Reparse Point, Attributes: n/a, ShareMode: Read, Write, Delete, AllocationSize: n/a, OpenResult: Opened"
"1:31:54.2014430 PM","VBoxService.exe","632","CreateFile","C:\Windows\System32\advapi32.dll","SUCCESS","Desired Access: Read Data/List Directory, Execute/Traverse, Synchronize, Disposition: Open, Options: Synchronous IO Non-Alert, Non-Directory File, Attributes: n/a, ShareMode: Read, Delete, AllocationSize: n/a, OpenResult: Opened"
"1:31:54.2015612 PM","VBoxService.exe","632","Load Image","C:\Windows\System32\advapi32.dll","SUCCESS","Image Base: 0x920000, Image Size: 0xa1000"
"1:31:54.2017789 PM","VBoxTray.exe","1956","CreateFile","C:\Windows\System32\advapi32.dll","SUCCESS","Desired Access: Read Attributes, Disposition: Open, Options: Open Reparse Point, Attributes: n/a, ShareMode: Read, Write, Delete, AllocationSize: n/a, OpenResult: Opened"
"1:31:54.2018966 PM","VBoxTray.exe","1956","CreateFile","C:\Windows\System32\advapi32.dll","SUCCESS","Desired Access: Read Attributes, Disposition: Open, Options: Open Reparse Point, Attributes: n/a, ShareMode: Read, Write, Delete, AllocationSize: n/a, OpenResult: Opened"
"1:31:54.2019695 PM","VBoxTray.exe","1956","CreateFile","C:\Windows\System32\advapi32.dll","SUCCESS","Desired Access: Read Data/List Directory, Execute/Traverse, Synchronize, Disposition: Open, Options: Synchronous IO Non-Alert, Non-Directory File, Attributes: n/a, ShareMode: Read, Delete, AllocationSize: n/a, OpenResult: Opened"
"1:31:54.2020604 PM","VBoxTray.exe","1956","Load Image","C:\Windows\System32\advapi32.dll","SUCCESS","Image Base: 0xdb0000, Image Size: 0xa1000"
"1:31:55.0624733 PM","taskhost.exe","1332","CreateFile","C:\Windows\Media\Windows Critical Stop.wav","SUCCESS","Desired Access: Generic Read, Disposition: Open, Options: Synchronous IO Non-Alert, Non-Directory File, Attributes: N, ShareMode: Read, Write, AllocationSize: n/a, OpenResult: Opened"
"1:31:56.0627577 PM","taskhost.exe","1332","CreateFile","C:\Windows\Media\Windows Critical Stop.wav","SUCCESS","Desired Access: Generic Read, Disposition: Open, Options: Synchronous IO Non-Alert, Non-Directory File, Attributes: N, ShareMode: Read, Write, AllocationSize: n/a, OpenResult: Opened"
"1:31:57.0620776 PM","taskhost.exe","1332","CreateFile","C:\Windows\Media\Windows Critical Stop.wav","SUCCESS","Desired Access: Generic Read, Disposition: Open, Options: Synchronous IO Non-Alert, Non-Directory File, Attributes: N, ShareMode: Read, Write, AllocationSize: n/a, OpenResult: Opened"
"1:31:58.0624705 PM","taskhost.exe","1332","CreateFile","C:\Windows\Media\Windows Critical Stop.wav","SUCCESS","Desired Access: Generic Read, Disposition: Open, Options: Synchronous IO Non-Alert, Non-Directory File, Attributes: N, ShareMode: Read, Write, AllocationSize: n/a, OpenResult: Opened"
"1:31:59.0621794 PM","taskhost.exe","1332","CreateFile","C:\Windows\Media\Windows Critical Stop.wav","SUCCESS","Desired Access: Generic Read, Disposition: Open, Options: Synchronous IO Non-Alert, Non-Directory File, Attributes: N, ShareMode: Read, Write, AllocationSize: n/a, OpenResult: Opened"
"1:31:59.2010657 PM","VBoxService.exe","632","CreateFile","C:\Windows\System32\advapi32.dll","SUCCESS","Desired Access: Read Attributes, Disposition: Open, Options: Open Reparse Point, Attributes: n/a, ShareMode: Read, Write, Delete, AllocationSize: n/a, OpenResult: Opened"
"1:31:59.2012180 PM","VBoxService.exe","632","CreateFile","C:\Windows\System32\advapi32.dll","SUCCESS","Desired Access: Read Attributes, Disposition: Open, Options: Open Reparse Point, Attributes: n/a, ShareMode: Read, Write, Delete, AllocationSize: n/a, OpenResult: Opened"
"1:31:59.2012932 PM","VBoxService.exe","632","CreateFile","C:\Windows\System32\advapi32.dll","SUCCESS","Desired Access: Read Data/List Directory, Execute/Traverse, Synchronize, Disposition: Open, Options: Synchronous IO Non-Alert, Non-Directory File, Attributes: n/a, ShareMode: Read, Delete, AllocationSize: n/a, OpenResult: Opened"
"1:31:59.2014097 PM","VBoxService.exe","632","Load Image","C:\Windows\System32\advapi32.dll","SUCCESS","Image Base: 0x920000, Image Size: 0xa1000"
"1:31:59.2016295 PM","VBoxTray.exe","1956","CreateFile","C:\Windows\System32\advapi32.dll","SUCCESS","Desired Access: Read Attributes, Disposition: Open, Options: Open Reparse Point, Attributes: n/a, ShareMode: Read, Write, Delete, AllocationSize: n/a, OpenResult: Opened"
"1:31:59.2017938 PM","VBoxTray.exe","1956","CreateFile","C:\Windows\System32\advapi32.dll","SUCCESS","Desired Access: Read Attributes, Disposition: Open, Options: Open Reparse Point, Attributes: n/a, ShareMode: Read, Write, Delete, AllocationSize: n/a, OpenResult: Opened"
"1:31:59.2018913 PM","VBoxTray.exe","1956","CreateFile","C:\Windows\System32\advapi32.dll","SUCCESS","Desired Access: Read Data/List Directory, Execute/Traverse, Synchronize, Disposition: Open, Options: Synchronous IO Non-Alert, Non-Directory File, Attributes: n/a, ShareMode: Read, Delete, AllocationSize: n/a, OpenResult: Opened"
"1:31:59.2019869 PM","VBoxTray.exe","1956","Load Image","C:\Windows\System32\advapi32.dll","SUCCESS","Image Base: 0xdb0000, Image Size: 0xa1000"
"1:31:59.5122617 PM","SearchIndexer.exe","2372","CreateFile","C:\ProgramData\Microsoft\Search\Data","SUCCESS","Desired Access: Synchronize, Disposition: Open, Options: Directory, Synchronous IO Non-Alert, Open For Free Space Query, Attributes: n/a, ShareMode: None, AllocationSize: n/a, OpenResult: Opened"
"1:32:00.0621069 PM","taskhost.exe","1332","CreateFile","C:\Windows\Media\Windows Critical Stop.wav","SUCCESS","Desired Access: Generic Read, Disposition: Open, Options: Synchronous IO Non-Alert, Non-Directory File, Attributes: N, ShareMode: Read, Write, AllocationSize: n/a, OpenResult: Opened"
"1:32:01.0619708 PM","taskhost.exe","1332","CreateFile","C:\Windows\Media\Windows Critical Stop.wav","SUCCESS","Desired Access: Generic Read, Disposition: Open, Options: Synchronous IO Non-Alert, Non-Directory File, Attributes: N, ShareMode: Read, Write, AllocationSize: n/a, OpenResult: Opened"
